event_id,point_code,ts,value,threshold,source,created_at
1,T01-SR-01-DISP,2026-09-26 00:00:08+08,160,150,仿真-正常转换,2026-09-27 16:00:32.156904+08
2,T01-SR-01-DISP,2026-09-26 00:00:08.1+08,160,150,仿真-正常转换,2026-09-27 16:00:32.156904+08
3,T01-SR-01-DISP,2026-09-26 00:00:08.2+08,160,150,仿真-正常转换,2026-09-27 16:00:32.156904+08
4,T01-SR-01-DISP,2026-09-26 00:00:08.3+08,160,150,仿真-正常转换,2026-09-27 16:00:32.156904+08
5,T01-SR-01-DISP,2026-09-26 00:00:08.4+08,160,150,仿真-正常转换,2026-09-27 16:00:32.156904+08
6,T01-SR-01-DISP,2026-09-26 00:00:08.5+08,160,150,仿真-正常转换,2026-09-27 16:00:32.156904+08
7,T01-SR-01-DISP,2026-09-26 00:00:08.6+08,160,150,仿真-正常转换,2026-09-27 16:00:32.156904+08
8,T01-SR-01-DISP,2026-09-26 00:00:08.7+08,160,150,仿真-正常转换,2026-09-27 16:00:32.156904+08
9,T01-SR-01-DISP,2026-09-26 00:00:08.8+08,160,150,仿真-正常转换,2026-09-27 16:00:32.156904+08
10,T01-SR-01-DISP,2026-09-26 00:00:08.9+08,160,150,仿真-正常转换,2026-09-27 16:00:32.156904+08
11,T01-SR-01-DISP,2026-09-26 00:00:09+08,160,150,仿真-正常转换,2026-09-27 16:00:32.156904+08
12,T01-SR-01-DISP,2026-09-26 00:00:09.1+08,160,150,仿真-正常转换,2026-09-27 16:00:32.156904+08
13,T01-SR-01-DISP,2026-09-26 00:00:09.2+08,160,150,仿真-正常转换,2026-09-27 16:00:32.156904+08
14,T01-SR-01-DISP,2026-09-26 00:00:09.3+08,160,150,仿真-正常转换,2026-09-27 16:00:32.156904+08
15,T01-SR-01-DISP,2026-09-26 00:00:09.4+08,160,150,仿真-正常转换,2026-09-27 16:00:32.156904+08
16,T01-SR-01-DISP,2026-09-26 00:00:09.5+08,160,150,仿真-正常转换,2026-09-27 16:00:32.156904+08
17,T01-SR-01-DISP,2026-09-26 00:00:09.6+08,160,150,仿真-正常转换,2026-09-27 16:00:32.156904+08
18,T01-SR-01-DISP,2026-09-26 00:00:09.7+08,160,150,仿真-正常转换,2026-09-27 16:00:32.156904+08
19,T01-SR-01-DISP,2026-09-26 00:00:09.8+08,160,150,仿真-正常转换,2026-09-27 16:00:32.156904+08
20,T01-SR-01-DISP,2026-09-26 00:00:09.9+08,160,150,仿真-正常转换,2026-09-27 16:00:32.156904+08
21,T01-SR-01-DISP,2026-09-26 02:00:05.6+08,150.06,150,仿真-密贴不良,2026-09-27 16:00:32.268925+08
22,T01-SR-01-DISP,2026-09-26 02:00:05.7+08,150.9,150,仿真-密贴不良,2026-09-27 16:00:32.268925+08
23,T01-SR-01-DISP,2026-09-26 02:00:05.8+08,151.5,150,仿真-密贴不良,2026-09-27 16:00:32.268925+08
24,T01-SR-01-DISP,2026-09-26 02:00:05.9+08,151.87,150,仿真-密贴不良,2026-09-27 16:00:32.268925+08
25,T01-SR-01-DISP,2026-09-26 02:00:06+08,152,150,仿真-密贴不良,2026-09-27 16:00:32.268925+08
26,T01-SR-01-DISP,2026-09-26 02:00:06.1+08,152,150,仿真-密贴不良,2026-09-27 16:00:32.268925+08
27,T01-SR-01-DISP,2026-09-26 02:00:06.2+08,152,150,仿真-密贴不良,2026-09-27 16:00:32.268925+08
28,T01-SR-01-DISP,2026-09-26 02:00:06.3+08,152,150,仿真-密贴不良,2026-09-27 16:00:32.268925+08
29,T01-SR-01-DISP,2026-09-26 02:00:06.4+08,152,150,仿真-密贴不良,2026-09-27 16:00:32.268925+08
30,T01-SR-01-DISP,2026-09-26 02:00:06.5+08,152,150,仿真-密贴不良,2026-09-27 16:00:32.268925+08
31,T01-SR-01-DISP,2026-09-26 02:00:06.6+08,152,150,仿真-密贴不良,2026-09-27 16:00:32.268925+08
32,T01-SR-01-DISP,2026-09-26 02:00:06.7+08,152,150,仿真-密贴不良,2026-09-27 16:00:32.268925+08
33,T01-SR-01-DISP,2026-09-26 02:00:06.8+08,152,150,仿真-密贴不良,2026-09-27 16:00:32.268925+08
34,T01-SR-01-DISP,2026-09-26 02:00:06.9+08,152,150,仿真-密贴不良,2026-09-27 16:00:32.268925+08
35,T01-SR-01-DISP,2026-09-26 02:00:07+08,152,150,仿真-密贴不良,2026-09-27 16:00:32.268925+08
36,T01-SR-01-DISP,2026-09-26 02:00:07.1+08,152,150,仿真-密贴不良,2026-09-27 16:00:32.268925+08
37,T01-SR-01-DISP,2026-09-26 02:00:07.2+08,152,150,仿真-密贴不良,2026-09-27 16:00:32.268925+08
38,T01-SR-01-DISP,2026-09-26 02:00:07.3+08,152,150,仿真-密贴不良,2026-09-27 16:00:32.268925+08
39,T01-SR-01-DISP,2026-09-26 02:00:07.4+08,152,150,仿真-密贴不良,2026-09-27 16:00:32.268925+08
40,T01-SR-01-DISP,2026-09-26 02:00:07.5+08,152,150,仿真-密贴不良,2026-09-27 16:00:32.268925+08
41,T01-SR-01-DISP,2026-09-26 02:00:07.6+08,152,150,仿真-密贴不良,2026-09-27 16:00:32.268925+08
42,T01-SR-01-DISP,2026-09-26 02:00:07.7+08,152,150,仿真-密贴不良,2026-09-27 16:00:32.268925+08
43,T01-SR-01-DISP,2026-09-26 02:00:07.8+08,152,150,仿真-密贴不良,2026-09-27 16:00:32.268925+08
44,T01-SR-01-DISP,2026-09-26 02:00:07.9+08,152,150,仿真-密贴不良,2026-09-27 16:00:32.268925+08
45,T01-SR-01-DISP,2026-09-26 02:00:08+08,152,150,仿真-密贴不良,2026-09-27 16:00:32.268925+08
46,T01-SR-01-DISP,2026-09-26 02:00:08.1+08,152,150,仿真-密贴不良,2026-09-27 16:00:32.268925+08
47,T01-SR-01-DISP,2026-09-26 02:00:08.2+08,152,150,仿真-密贴不良,2026-09-27 16:00:32.268925+08
48,T01-SR-01-DISP,2026-09-26 02:00:08.3+08,152,150,仿真-密贴不良,2026-09-27 16:00:32.268925+08
49,T01-SR-01-DISP,2026-09-26 02:00:08.4+08,152,150,仿真-密贴不良,2026-09-27 16:00:32.268925+08
50,T01-SR-01-DISP,2026-09-26 02:00:08.5+08,152,150,仿真-密贴不良,2026-09-27 16:00:32.268925+08
51,T01-SR-01-DISP,2026-09-26 02:00:08.6+08,152,150,仿真-密贴不良,2026-09-27 16:00:32.268925+08
52,T01-SR-01-DISP,2026-09-26 02:00:08.7+08,152,150,仿真-密贴不良,2026-09-27 16:00:32.268925+08
53,T01-SR-01-DISP,2026-09-26 02:00:08.8+08,152,150,仿真-密贴不良,2026-09-27 16:00:32.268925+08
54,T01-SR-01-DISP,2026-09-26 02:00:08.9+08,152,150,仿真-密贴不良,2026-09-27 16:00:32.268925+08
55,T01-SR-01-DISP,2026-09-26 02:00:09+08,152,150,仿真-密贴不良,2026-09-27 16:00:32.268925+08
56,T01-SR-01-DISP,2026-09-26 02:00:09.1+08,152,150,仿真-密贴不良,2026-09-27 16:00:32.268925+08
57,T01-SR-01-DISP,2026-09-26 02:00:09.2+08,152,150,仿真-密贴不良,2026-09-27 16:00:32.268925+08
58,T01-SR-01-DISP,2026-09-26 02:00:09.3+08,152,150,仿真-密贴不良,2026-09-27 16:00:32.268925+08
59,T01-SR-01-DISP,2026-09-26 02:00:09.4+08,152,150,仿真-密贴不良,2026-09-27 16:00:32.268925+08
60,T01-SR-01-DISP,2026-09-26 02:00:09.5+08,152,150,仿真-密贴不良,2026-09-27 16:00:32.268925+08
61,T01-SR-01-DISP,2026-09-26 02:00:09.6+08,152,150,仿真-密贴不良,2026-09-27 16:00:32.268925+08
62,T01-SR-01-DISP,2026-09-26 02:00:09.7+08,152,150,仿真-密贴不良,2026-09-27 16:00:32.268925+08
63,T01-SR-01-DISP,2026-09-26 02:00:09.8+08,152,150,仿真-密贴不良,2026-09-27 16:00:32.268925+08
64,T01-SR-01-DISP,2026-09-26 02:00:09.9+08,152,150,仿真-密贴不良,2026-09-27 16:00:32.268925+08
65,T01-SR-01-DISP,2026-09-26 03:00:05.1+08,150.28,150,仿真-锁闭失败,2026-09-27 16:00:32.323276+08
66,T01-SR-01-DISP,2026-09-26 03:00:05.2+08,152.23,150,仿真-锁闭失败,2026-09-27 16:00:32.323276+08
67,T01-SR-01-DISP,2026-09-26 03:00:05.3+08,153.97,150,仿真-锁闭失败,2026-09-27 16:00:32.323276+08
68,T01-SR-01-DISP,2026-09-26 03:00:05.4+08,155.52,150,仿真-锁闭失败,2026-09-27 16:00:32.323276+08
69,T01-SR-01-DISP,2026-09-26 03:00:05.5+08,156.85,150,仿真-锁闭失败,2026-09-27 16:00:32.323276+08
70,T01-SR-01-DISP,2026-09-26 03:00:05.6+08,157.96,150,仿真-锁闭失败,2026-09-27 16:00:32.323276+08
71,T01-SR-01-DISP,2026-09-26 03:00:05.7+08,158.84,150,仿真-锁闭失败,2026-09-27 16:00:32.323276+08
72,T01-SR-01-DISP,2026-09-26 03:00:05.8+08,159.48,150,仿真-锁闭失败,2026-09-27 16:00:32.323276+08
73,T01-SR-01-DISP,2026-09-26 03:00:05.9+08,159.87,150,仿真-锁闭失败,2026-09-27 16:00:32.323276+08
74,T01-SR-01-DISP,2026-09-26 03:00:06+08,160,150,仿真-锁闭失败,2026-09-27 16:00:32.323276+08
75,T01-SR-01-DISP,2026-09-26 03:00:06.1+08,160,150,仿真-锁闭失败,2026-09-27 16:00:32.323276+08
76,T01-SR-01-DISP,2026-09-26 03:00:06.2+08,160,150,仿真-锁闭失败,2026-09-27 16:00:32.323276+08
77,T01-SR-01-DISP,2026-09-26 03:00:06.3+08,160,150,仿真-锁闭失败,2026-09-27 16:00:32.323276+08
78,T01-SR-01-DISP,2026-09-26 03:00:06.4+08,160,150,仿真-锁闭失败,2026-09-27 16:00:32.323276+08
79,T01-SR-01-DISP,2026-09-26 03:00:06.5+08,160,150,仿真-锁闭失败,2026-09-27 16:00:32.323276+08
80,T01-SR-01-DISP,2026-09-26 03:00:06.6+08,160,150,仿真-锁闭失败,2026-09-27 16:00:32.323276+08
81,T01-SR-01-DISP,2026-09-26 03:00:06.7+08,160,150,仿真-锁闭失败,2026-09-27 16:00:32.323276+08
82,T01-SR-01-DISP,2026-09-26 03:00:06.8+08,160,150,仿真-锁闭失败,2026-09-27 16:00:32.323276+08
83,T01-SR-01-DISP,2026-09-26 03:00:06.9+08,160,150,仿真-锁闭失败,2026-09-27 16:00:32.323276+08
84,T01-SR-01-DISP,2026-09-26 03:00:07+08,160,150,仿真-锁闭失败,2026-09-27 16:00:32.323276+08
85,T01-SR-01-DISP,2026-09-26 03:00:07.1+08,160,150,仿真-锁闭失败,2026-09-27 16:00:32.323276+08
86,T01-SR-01-DISP,2026-09-26 03:00:07.2+08,160,150,仿真-锁闭失败,2026-09-27 16:00:32.323276+08
87,T01-SR-01-DISP,2026-09-26 03:00:07.3+08,160,150,仿真-锁闭失败,2026-09-27 16:00:32.323276+08
88,T01-SR-01-DISP,2026-09-26 03:00:07.4+08,160,150,仿真-锁闭失败,2026-09-27 16:00:32.323276+08
89,T01-SR-01-DISP,2026-09-26 03:00:07.5+08,160,150,仿真-锁闭失败,2026-09-27 16:00:32.323276+08
90,T01-SR-01-DISP,2026-09-26 03:00:07.6+08,160,150,仿真-锁闭失败,2026-09-27 16:00:32.323276+08
91,T01-SR-01-DISP,2026-09-26 03:00:07.7+08,160,150,仿真-锁闭失败,2026-09-27 16:00:32.323276+08
92,T01-SR-01-DISP,2026-09-26 03:00:07.8+08,160,150,仿真-锁闭失败,2026-09-27 16:00:32.323276+08
93,T01-SR-01-DISP,2026-09-26 03:00:07.9+08,160,150,仿真-锁闭失败,2026-09-27 16:00:32.323276+08
94,T01-SR-01-DISP,2026-09-26 03:00:08+08,160,150,仿真-锁闭失败,2026-09-27 16:00:32.323276+08
95,T01-SR-01-DISP,2026-09-26 03:00:08.1+08,160,150,仿真-锁闭失败,2026-09-27 16:00:32.323276+08
96,T01-SR-01-DISP,2026-09-26 03:00:08.2+08,160,150,仿真-锁闭失败,2026-09-27 16:00:32.323276+08
97,T01-SR-01-DISP,2026-09-26 03:00:08.3+08,160,150,仿真-锁闭失败,2026-09-27 16:00:32.323276+08
98,T01-SR-01-DISP,2026-09-26 03:00:08.4+08,160,150,仿真-锁闭失败,2026-09-27 16:00:32.323276+08
99,T01-SR-01-DISP,2026-09-26 03:00:08.5+08,160,150,仿真-锁闭失败,2026-09-27 16:00:32.323276+08
100,T01-SR-01-DISP,2026-09-26 03:00:08.6+08,160,150,仿真-锁闭失败,2026-09-27 16:00:32.323276+08
101,T01-SR-01-DISP,2026-09-26 03:00:08.7+08,160,150,仿真-锁闭失败,2026-09-27 16:00:32.323276+08
102,T01-SR-01-DISP,2026-09-26 03:00:08.8+08,160,150,仿真-锁闭失败,2026-09-27 16:00:32.323276+08
103,T01-SR-01-DISP,2026-09-26 03:00:08.9+08,160,150,仿真-锁闭失败,2026-09-27 16:00:32.323276+08
104,T01-SR-01-DISP,2026-09-26 03:00:09+08,160,150,仿真-锁闭失败,2026-09-27 16:00:32.323276+08
105,T01-SR-01-DISP,2026-09-26 03:00:09.1+08,160,150,仿真-锁闭失败,2026-09-27 16:00:32.323276+08
106,T01-SR-01-DISP,2026-09-26 03:00:09.2+08,160,150,仿真-锁闭失败,2026-09-27 16:00:32.323276+08
107,T01-SR-01-DISP,2026-09-26 03:00:09.3+08,160,150,仿真-锁闭失败,2026-09-27 16:00:32.323276+08
108,T01-SR-01-DISP,2026-09-26 03:00:09.4+08,160,150,仿真-锁闭失败,2026-09-27 16:00:32.323276+08
109,T01-SR-01-DISP,2026-09-26 03:00:09.5+08,160,150,仿真-锁闭失败,2026-09-27 16:00:32.323276+08
110,T01-SR-01-DISP,2026-09-26 03:00:09.6+08,160,150,仿真-锁闭失败,2026-09-27 16:00:32.323276+08
111,T01-SR-01-DISP,2026-09-26 03:00:09.7+08,160,150,仿真-锁闭失败,2026-09-27 16:00:32.323276+08
112,T01-SR-01-DISP,2026-09-26 03:00:09.8+08,160,150,仿真-锁闭失败,2026-09-27 16:00:32.323276+08
113,T01-SR-01-DISP,2026-09-26 03:00:09.9+08,160,150,仿真-锁闭失败,2026-09-27 16:00:32.323276+08
114,T01-SR-01-DISP,2026-09-26 08:00:05.1+08,150.28,150,运维-正常转换,2026-09-27 16:16:43.126478+08
115,T01-SR-01-DISP,2026-09-26 08:00:05.2+08,152.23,150,运维-正常转换,2026-09-27 16:16:43.126478+08
116,T01-SR-01-DISP,2026-09-26 08:00:05.3+08,153.97,150,运维-正常转换,2026-09-27 16:16:43.126478+08
117,T01-SR-01-DISP,2026-09-26 08:00:05.4+08,155.52,150,运维-正常转换,2026-09-27 16:16:43.126478+08
118,T01-SR-01-DISP,2026-09-26 08:00:05.5+08,156.85,150,运维-正常转换,2026-09-27 16:16:43.126478+08
119,T01-SR-01-DISP,2026-09-26 08:00:05.6+08,157.96,150,运维-正常转换,2026-09-27 16:16:43.126478+08
120,T01-SR-01-DISP,2026-09-26 08:00:05.7+08,158.84,150,运维-正常转换,2026-09-27 16:16:43.126478+08
121,T01-SR-01-DISP,2026-09-26 08:00:05.8+08,159.48,150,运维-正常转换,2026-09-27 16:16:43.126478+08
122,T01-SR-01-DISP,2026-09-26 08:00:05.9+08,159.87,150,运维-正常转换,2026-09-27 16:16:43.126478+08
123,T01-SR-01-DISP,2026-09-26 08:00:06+08,160,150,运维-正常转换,2026-09-27 16:16:43.126478+08
124,T01-SR-01-DISP,2026-09-26 08:00:06.1+08,160,150,运维-正常转换,2026-09-27 16:16:43.126478+08
125,T01-SR-01-DISP,2026-09-26 08:00:06.2+08,160,150,运维-正常转换,2026-09-27 16:16:43.126478+08
126,T01-SR-01-DISP,2026-09-26 08:00:06.3+08,160,150,运维-正常转换,2026-09-27 16:16:43.126478+08
127,T01-SR-01-DISP,2026-09-26 08:00:06.4+08,160,150,运维-正常转换,2026-09-27 16:16:43.126478+08
128,T01-SR-01-DISP,2026-09-26 08:00:06.5+08,160,150,运维-正常转换,2026-09-27 16:16:43.126478+08
129,T01-SR-01-DISP,2026-09-26 08:00:06.6+08,160,150,运维-正常转换,2026-09-27 16:16:43.126478+08
130,T01-SR-01-DISP,2026-09-26 08:00:06.7+08,160,150,运维-正常转换,2026-09-27 16:16:43.126478+08
131,T01-SR-01-DISP,2026-09-26 08:00:06.8+08,160,150,运维-正常转换,2026-09-27 16:16:43.126478+08
132,T01-SR-01-DISP,2026-09-26 08:00:06.9+08,160,150,运维-正常转换,2026-09-27 16:16:43.126478+08
133,T01-SR-01-DISP,2026-09-26 08:00:07+08,160,150,运维-正常转换,2026-09-27 16:16:43.126478+08
134,T01-SR-01-DISP,2026-09-26 08:00:07.1+08,160,150,运维-正常转换,2026-09-27 16:16:43.126478+08
135,T01-SR-01-DISP,2026-09-26 08:00:07.2+08,160,150,运维-正常转换,2026-09-27 16:16:43.126478+08
136,T01-SR-01-DISP,2026-09-26 08:00:07.3+08,160,150,运维-正常转换,2026-09-27 16:16:43.126478+08
137,T01-SR-01-DISP,2026-09-26 08:00:07.4+08,160,150,运维-正常转换,2026-09-27 16:16:43.126478+08
138,T01-SR-01-DISP,2026-09-26 08:00:07.5+08,160,150,运维-正常转换,2026-09-27 16:16:43.126478+08
139,T01-SR-01-DISP,2026-09-26 08:00:07.6+08,160,150,运维-正常转换,2026-09-27 16:16:43.126478+08
140,T01-SR-01-DISP,2026-09-26 08:00:07.7+08,160,150,运维-正常转换,2026-09-27 16:16:43.126478+08
141,T01-SR-01-DISP,2026-09-26 08:00:07.8+08,160,150,运维-正常转换,2026-09-27 16:16:43.126478+08
142,T01-SR-01-DISP,2026-09-26 08:00:07.9+08,160,150,运维-正常转换,2026-09-27 16:16:43.126478+08
143,T01-SR-01-DISP,2026-09-26 08:00:08+08,160,150,运维-正常转换,2026-09-27 16:16:43.126478+08
144,T01-SR-01-DISP,2026-09-26 08:00:08.1+08,160,150,运维-正常转换,2026-09-27 16:16:43.126478+08
145,T01-SR-01-DISP,2026-09-26 08:00:08.2+08,160,150,运维-正常转换,2026-09-27 16:16:43.126478+08
146,T01-SR-01-DISP,2026-09-26 08:00:08.3+08,160,150,运维-正常转换,2026-09-27 16:16:43.126478+08
147,T01-SR-01-DISP,2026-09-26 08:00:08.4+08,160,150,运维-正常转换,2026-09-27 16:16:43.126478+08
148,T01-SR-01-DISP,2026-09-26 08:00:08.5+08,160,150,运维-正常转换,2026-09-27 16:16:43.126478+08
149,T01-SR-01-DISP,2026-09-26 08:00:08.6+08,160,150,运维-正常转换,2026-09-27 16:16:43.126478+08
150,T01-SR-01-DISP,2026-09-26 08:00:08.7+08,160,150,运维-正常转换,2026-09-27 16:16:43.126478+08
151,T01-SR-01-DISP,2026-09-26 08:00:08.8+08,160,150,运维-正常转换,2026-09-27 16:16:43.126478+08
152,T01-SR-01-DISP,2026-09-26 08:00:08.9+08,160,150,运维-正常转换,2026-09-27 16:16:43.126478+08
153,T01-SR-01-DISP,2026-09-26 08:00:09+08,160,150,运维-正常转换,2026-09-27 16:16:43.126478+08
154,T01-SR-01-DISP,2026-09-26 08:00:09.1+08,160,150,运维-正常转换,2026-09-27 16:16:43.126478+08
155,T01-SR-01-DISP,2026-09-26 08:00:09.2+08,160,150,运维-正常转换,2026-09-27 16:16:43.126478+08
156,T01-SR-01-DISP,2026-09-26 08:00:09.3+08,160,150,运维-正常转换,2026-09-27 16:16:43.126478+08
157,T01-SR-01-DISP,2026-09-26 08:00:09.4+08,160,150,运维-正常转换,2026-09-27 16:16:43.126478+08
158,T01-SR-01-DISP,2026-09-26 08:00:09.5+08,160,150,运维-正常转换,2026-09-27 16:16:43.126478+08
159,T01-SR-01-DISP,2026-09-26 08:00:09.6+08,160,150,运维-正常转换,2026-09-27 16:16:43.126478+08
160,T01-SR-01-DISP,2026-09-26 08:00:09.7+08,160,150,运维-正常转换,2026-09-27 16:16:43.126478+08
161,T01-SR-01-DISP,2026-09-26 08:00:09.8+08,160,150,运维-正常转换,2026-09-27 16:16:43.126478+08
162,T01-SR-01-DISP,2026-09-26 08:00:09.9+08,160,150,运维-正常转换,2026-09-27 16:16:43.126478+08
163,T01-SR-01-DISP,2026-09-26 09:00:05.1+08,150.28,150,运维-正常转换,2026-09-27 16:16:43.212344+08
164,T01-SR-01-DISP,2026-09-26 09:00:05.2+08,152.23,150,运维-正常转换,2026-09-27 16:16:43.212344+08
165,T01-SR-01-DISP,2026-09-26 09:00:05.3+08,153.97,150,运维-正常转换,2026-09-27 16:16:43.212344+08
166,T01-SR-01-DISP,2026-09-26 09:00:05.4+08,155.52,150,运维-正常转换,2026-09-27 16:16:43.212344+08
167,T01-SR-01-DISP,2026-09-26 09:00:05.5+08,156.85,150,运维-正常转换,2026-09-27 16:16:43.212344+08
168,T01-SR-01-DISP,2026-09-26 09:00:05.6+08,157.96,150,运维-正常转换,2026-09-27 16:16:43.212344+08
169,T01-SR-01-DISP,2026-09-26 09:00:05.7+08,158.84,150,运维-正常转换,2026-09-27 16:16:43.212344+08
170,T01-SR-01-DISP,2026-09-26 09:00:05.8+08,159.48,150,运维-正常转换,2026-09-27 16:16:43.212344+08
171,T01-SR-01-DISP,2026-09-26 09:00:05.9+08,159.87,150,运维-正常转换,2026-09-27 16:16:43.212344+08
172,T01-SR-01-DISP,2026-09-26 09:00:06+08,160,150,运维-正常转换,2026-09-27 16:16:43.212344+08
173,T01-SR-01-DISP,2026-09-26 09:00:06.1+08,160,150,运维-正常转换,2026-09-27 16:16:43.212344+08
174,T01-SR-01-DISP,2026-09-26 09:00:06.2+08,160,150,运维-正常转换,2026-09-27 16:16:43.212344+08
175,T01-SR-01-DISP,2026-09-26 09:00:06.3+08,160,150,运维-正常转换,2026-09-27 16:16:43.212344+08
176,T01-SR-01-DISP,2026-09-26 09:00:06.4+08,160,150,运维-正常转换,2026-09-27 16:16:43.212344+08
177,T01-SR-01-DISP,2026-09-26 09:00:06.5+08,160,150,运维-正常转换,2026-09-27 16:16:43.212344+08
178,T01-SR-01-DISP,2026-09-26 09:00:06.6+08,160,150,运维-正常转换,2026-09-27 16:16:43.212344+08
179,T01-SR-01-DISP,2026-09-26 09:00:06.7+08,160,150,运维-正常转换,2026-09-27 16:16:43.212344+08
180,T01-SR-01-DISP,2026-09-26 09:00:06.8+08,160,150,运维-正常转换,2026-09-27 16:16:43.212344+08
181,T01-SR-01-DISP,2026-09-26 09:00:06.9+08,160,150,运维-正常转换,2026-09-27 16:16:43.212344+08
182,T01-SR-01-DISP,2026-09-26 09:00:07+08,160,150,运维-正常转换,2026-09-27 16:16:43.212344+08
183,T01-SR-01-DISP,2026-09-26 09:00:07.1+08,160,150,运维-正常转换,2026-09-27 16:16:43.212344+08
184,T01-SR-01-DISP,2026-09-26 09:00:07.2+08,160,150,运维-正常转换,2026-09-27 16:16:43.212344+08
185,T01-SR-01-DISP,2026-09-26 09:00:07.3+08,160,150,运维-正常转换,2026-09-27 16:16:43.212344+08
186,T01-SR-01-DISP,2026-09-26 09:00:07.4+08,160,150,运维-正常转换,2026-09-27 16:16:43.212344+08
187,T01-SR-01-DISP,2026-09-26 09:00:07.5+08,160,150,运维-正常转换,2026-09-27 16:16:43.212344+08
188,T01-SR-01-DISP,2026-09-26 09:00:07.6+08,160,150,运维-正常转换,2026-09-27 16:16:43.212344+08
189,T01-SR-01-DISP,2026-09-26 09:00:07.7+08,160,150,运维-正常转换,2026-09-27 16:16:43.212344+08
190,T01-SR-01-DISP,2026-09-26 09:00:07.8+08,160,150,运维-正常转换,2026-09-27 16:16:43.212344+08
191,T01-SR-01-DISP,2026-09-26 09:00:07.9+08,160,150,运维-正常转换,2026-09-27 16:16:43.212344+08
192,T01-SR-01-DISP,2026-09-26 09:00:08+08,160,150,运维-正常转换,2026-09-27 16:16:43.212344+08
193,T01-SR-01-DISP,2026-09-26 09:00:08.1+08,160,150,运维-正常转换,2026-09-27 16:16:43.212344+08
194,T01-SR-01-DISP,2026-09-26 09:00:08.2+08,160,150,运维-正常转换,2026-09-27 16:16:43.212344+08
195,T01-SR-01-DISP,2026-09-26 09:00:08.3+08,160,150,运维-正常转换,2026-09-27 16:16:43.212344+08
196,T01-SR-01-DISP,2026-09-26 09:00:08.4+08,160,150,运维-正常转换,2026-09-27 16:16:43.212344+08
197,T01-SR-01-DISP,2026-09-26 09:00:08.5+08,160,150,运维-正常转换,2026-09-27 16:16:43.212344+08
198,T01-SR-01-DISP,2026-09-26 09:00:08.6+08,160,150,运维-正常转换,2026-09-27 16:16:43.212344+08
199,T01-SR-01-DISP,2026-09-26 09:00:08.7+08,160,150,运维-正常转换,2026-09-27 16:16:43.212344+08
200,T01-SR-01-DISP,2026-09-26 09:00:08.8+08,160,150,运维-正常转换,2026-09-27 16:16:43.212344+08
201,T01-SR-01-DISP,2026-09-26 09:00:08.9+08,160,150,运维-正常转换,2026-09-27 16:16:43.212344+08
202,T01-SR-01-DISP,2026-09-26 09:00:09+08,160,150,运维-正常转换,2026-09-27 16:16:43.212344+08
203,T01-SR-01-DISP,2026-09-26 09:00:09.1+08,160,150,运维-正常转换,2026-09-27 16:16:43.212344+08
204,T01-SR-01-DISP,2026-09-26 09:00:09.2+08,160,150,运维-正常转换,2026-09-27 16:16:43.212344+08
205,T01-SR-01-DISP,2026-09-26 09:00:09.3+08,160,150,运维-正常转换,2026-09-27 16:16:43.212344+08
206,T01-SR-01-DISP,2026-09-26 09:00:09.4+08,160,150,运维-正常转换,2026-09-27 16:16:43.212344+08
207,T01-SR-01-DISP,2026-09-26 09:00:09.5+08,160,150,运维-正常转换,2026-09-27 16:16:43.212344+08
208,T01-SR-01-DISP,2026-09-26 09:00:09.6+08,160,150,运维-正常转换,2026-09-27 16:16:43.212344+08
209,T01-SR-01-DISP,2026-09-26 09:00:09.7+08,160,150,运维-正常转换,2026-09-27 16:16:43.212344+08
210,T01-SR-01-DISP,2026-09-26 09:00:09.8+08,160,150,运维-正常转换,2026-09-27 16:16:43.212344+08
211,T01-SR-01-DISP,2026-09-26 09:00:09.9+08,160,150,运维-正常转换,2026-09-27 16:16:43.212344+08
212,T01-SR-01-DISP,2026-09-26 10:00:05.1+08,150.28,150,运维-正常转换,2026-09-27 16:16:43.276054+08
213,T01-SR-01-DISP,2026-09-26 10:00:05.2+08,152.23,150,运维-正常转换,2026-09-27 16:16:43.276054+08
214,T01-SR-01-DISP,2026-09-26 10:00:05.3+08,153.97,150,运维-正常转换,2026-09-27 16:16:43.276054+08
215,T01-SR-01-DISP,2026-09-26 10:00:05.4+08,155.52,150,运维-正常转换,2026-09-27 16:16:43.276054+08
216,T01-SR-01-DISP,2026-09-26 10:00:05.5+08,156.85,150,运维-正常转换,2026-09-27 16:16:43.276054+08
217,T01-SR-01-DISP,2026-09-26 10:00:05.6+08,157.96,150,运维-正常转换,2026-09-27 16:16:43.276054+08
218,T01-SR-01-DISP,2026-09-26 10:00:05.7+08,158.84,150,运维-正常转换,2026-09-27 16:16:43.276054+08
219,T01-SR-01-DISP,2026-09-26 10:00:05.8+08,159.48,150,运维-正常转换,2026-09-27 16:16:43.276054+08
220,T01-SR-01-DISP,2026-09-26 10:00:05.9+08,159.87,150,运维-正常转换,2026-09-27 16:16:43.276054+08
221,T01-SR-01-DISP,2026-09-26 10:00:06+08,160,150,运维-正常转换,2026-09-27 16:16:43.276054+08
222,T01-SR-01-DISP,2026-09-26 10:00:06.1+08,160,150,运维-正常转换,2026-09-27 16:16:43.276054+08
223,T01-SR-01-DISP,2026-09-26 10:00:06.2+08,160,150,运维-正常转换,2026-09-27 16:16:43.276054+08
224,T01-SR-01-DISP,2026-09-26 10:00:06.3+08,160,150,运维-正常转换,2026-09-27 16:16:43.276054+08
225,T01-SR-01-DISP,2026-09-26 10:00:06.4+08,160,150,运维-正常转换,2026-09-27 16:16:43.276054+08
226,T01-SR-01-DISP,2026-09-26 10:00:06.5+08,160,150,运维-正常转换,2026-09-27 16:16:43.276054+08
227,T01-SR-01-DISP,2026-09-26 10:00:06.6+08,160,150,运维-正常转换,2026-09-27 16:16:43.276054+08
228,T01-SR-01-DISP,2026-09-26 10:00:06.7+08,160,150,运维-正常转换,2026-09-27 16:16:43.276054+08
229,T01-SR-01-DISP,2026-09-26 10:00:06.8+08,160,150,运维-正常转换,2026-09-27 16:16:43.276054+08
230,T01-SR-01-DISP,2026-09-26 10:00:06.9+08,160,150,运维-正常转换,2026-09-27 16:16:43.276054+08
231,T01-SR-01-DISP,2026-09-26 10:00:07+08,160,150,运维-正常转换,2026-09-27 16:16:43.276054+08
232,T01-SR-01-DISP,2026-09-26 10:00:07.1+08,160,150,运维-正常转换,2026-09-27 16:16:43.276054+08
233,T01-SR-01-DISP,2026-09-26 10:00:07.2+08,160,150,运维-正常转换,2026-09-27 16:16:43.276054+08
234,T01-SR-01-DISP,2026-09-26 10:00:07.3+08,160,150,运维-正常转换,2026-09-27 16:16:43.276054+08
235,T01-SR-01-DISP,2026-09-26 10:00:07.4+08,160,150,运维-正常转换,2026-09-27 16:16:43.276054+08
236,T01-SR-01-DISP,2026-09-26 10:00:07.5+08,160,150,运维-正常转换,2026-09-27 16:16:43.276054+08
237,T01-SR-01-DISP,2026-09-26 10:00:07.6+08,160,150,运维-正常转换,2026-09-27 16:16:43.276054+08
238,T01-SR-01-DISP,2026-09-26 10:00:07.7+08,160,150,运维-正常转换,2026-09-27 16:16:43.276054+08
239,T01-SR-01-DISP,2026-09-26 10:00:07.8+08,160,150,运维-正常转换,2026-09-27 16:16:43.276054+08
240,T01-SR-01-DISP,2026-09-26 10:00:07.9+08,160,150,运维-正常转换,2026-09-27 16:16:43.276054+08
241,T01-SR-01-DISP,2026-09-26 10:00:08+08,160,150,运维-正常转换,2026-09-27 16:16:43.276054+08
242,T01-SR-01-DISP,2026-09-26 10:00:08.1+08,160,150,运维-正常转换,2026-09-27 16:16:43.276054+08
243,T01-SR-01-DISP,2026-09-26 10:00:08.2+08,160,150,运维-正常转换,2026-09-27 16:16:43.276054+08
244,T01-SR-01-DISP,2026-09-26 10:00:08.3+08,160,150,运维-正常转换,2026-09-27 16:16:43.276054+08
245,T01-SR-01-DISP,2026-09-26 10:00:08.4+08,160,150,运维-正常转换,2026-09-27 16:16:43.276054+08
246,T01-SR-01-DISP,2026-09-26 10:00:08.5+08,160,150,运维-正常转换,2026-09-27 16:16:43.276054+08
247,T01-SR-01-DISP,2026-09-26 10:00:08.6+08,160,150,运维-正常转换,2026-09-27 16:16:43.276054+08
248,T01-SR-01-DISP,2026-09-26 10:00:08.7+08,160,150,运维-正常转换,2026-09-27 16:16:43.276054+08
249,T01-SR-01-DISP,2026-09-26 10:00:08.8+08,160,150,运维-正常转换,2026-09-27 16:16:43.276054+08
250,T01-SR-01-DISP,2026-09-26 10:00:08.9+08,160,150,运维-正常转换,2026-09-27 16:16:43.276054+08
251,T01-SR-01-DISP,2026-09-26 10:00:09+08,160,150,运维-正常转换,2026-09-27 16:16:43.276054+08
252,T01-SR-01-DISP,2026-09-26 10:00:09.1+08,160,150,运维-正常转换,2026-09-27 16:16:43.276054+08
253,T01-SR-01-DISP,2026-09-26 10:00:09.2+08,160,150,运维-正常转换,2026-09-27 16:16:43.276054+08
254,T01-SR-01-DISP,2026-09-26 10:00:09.3+08,160,150,运维-正常转换,2026-09-27 16:16:43.276054+08
255,T01-SR-01-DISP,2026-09-26 10:00:09.4+08,160,150,运维-正常转换,2026-09-27 16:16:43.276054+08
256,T01-SR-01-DISP,2026-09-26 10:00:09.5+08,160,150,运维-正常转换,2026-09-27 16:16:43.276054+08
257,T01-SR-01-DISP,2026-09-26 10:00:09.6+08,160,150,运维-正常转换,2026-09-27 16:16:43.276054+08
258,T01-SR-01-DISP,2026-09-26 10:00:09.7+08,160,150,运维-正常转换,2026-09-27 16:16:43.276054+08
259,T01-SR-01-DISP,2026-09-26 10:00:09.8+08,160,150,运维-正常转换,2026-09-27 16:16:43.276054+08
260,T01-SR-01-DISP,2026-09-26 10:00:09.9+08,160,150,运维-正常转换,2026-09-27 16:16:43.276054+08
261,T01-SR-01-DISP,2026-09-26 12:00:05.1+08,150.28,150,运维-正常转换,2026-09-27 16:16:43.386679+08
262,T01-SR-01-DISP,2026-09-26 12:00:05.2+08,152.23,150,运维-正常转换,2026-09-27 16:16:43.386679+08
263,T01-SR-01-DISP,2026-09-26 12:00:05.3+08,153.97,150,运维-正常转换,2026-09-27 16:16:43.386679+08
264,T01-SR-01-DISP,2026-09-26 12:00:05.4+08,155.52,150,运维-正常转换,2026-09-27 16:16:43.386679+08
265,T01-SR-01-DISP,2026-09-26 12:00:05.5+08,156.85,150,运维-正常转换,2026-09-27 16:16:43.386679+08
266,T01-SR-01-DISP,2026-09-26 12:00:05.6+08,157.96,150,运维-正常转换,2026-09-27 16:16:43.386679+08
267,T01-SR-01-DISP,2026-09-26 12:00:05.7+08,158.84,150,运维-正常转换,2026-09-27 16:16:43.386679+08
268,T01-SR-01-DISP,2026-09-26 12:00:05.8+08,159.48,150,运维-正常转换,2026-09-27 16:16:43.386679+08
269,T01-SR-01-DISP,2026-09-26 12:00:05.9+08,159.87,150,运维-正常转换,2026-09-27 16:16:43.386679+08
270,T01-SR-01-DISP,2026-09-26 12:00:06+08,160,150,运维-正常转换,2026-09-27 16:16:43.386679+08
271,T01-SR-01-DISP,2026-09-26 12:00:06.1+08,160,150,运维-正常转换,2026-09-27 16:16:43.386679+08
272,T01-SR-01-DISP,2026-09-26 12:00:06.2+08,160,150,运维-正常转换,2026-09-27 16:16:43.386679+08
273,T01-SR-01-DISP,2026-09-26 12:00:06.3+08,160,150,运维-正常转换,2026-09-27 16:16:43.386679+08
274,T01-SR-01-DISP,2026-09-26 12:00:06.4+08,160,150,运维-正常转换,2026-09-27 16:16:43.386679+08
275,T01-SR-01-DISP,2026-09-26 12:00:06.5+08,160,150,运维-正常转换,2026-09-27 16:16:43.386679+08
276,T01-SR-01-DISP,2026-09-26 12:00:06.6+08,160,150,运维-正常转换,2026-09-27 16:16:43.386679+08
277,T01-SR-01-DISP,2026-09-26 12:00:06.7+08,160,150,运维-正常转换,2026-09-27 16:16:43.386679+08
278,T01-SR-01-DISP,2026-09-26 12:00:06.8+08,160,150,运维-正常转换,2026-09-27 16:16:43.386679+08
279,T01-SR-01-DISP,2026-09-26 12:00:06.9+08,160,150,运维-正常转换,2026-09-27 16:16:43.386679+08
280,T01-SR-01-DISP,2026-09-26 12:00:07+08,160,150,运维-正常转换,2026-09-27 16:16:43.386679+08
281,T01-SR-01-DISP,2026-09-26 12:00:07.1+08,160,150,运维-正常转换,2026-09-27 16:16:43.386679+08
282,T01-SR-01-DISP,2026-09-26 12:00:07.2+08,160,150,运维-正常转换,2026-09-27 16:16:43.386679+08
283,T01-SR-01-DISP,2026-09-26 12:00:07.3+08,160,150,运维-正常转换,2026-09-27 16:16:43.386679+08
284,T01-SR-01-DISP,2026-09-26 12:00:07.4+08,160,150,运维-正常转换,2026-09-27 16:16:43.386679+08
285,T01-SR-01-DISP,2026-09-26 12:00:07.5+08,160,150,运维-正常转换,2026-09-27 16:16:43.386679+08
286,T01-SR-01-DISP,2026-09-26 12:00:07.6+08,160,150,运维-正常转换,2026-09-27 16:16:43.386679+08
287,T01-SR-01-DISP,2026-09-26 12:00:07.7+08,160,150,运维-正常转换,2026-09-27 16:16:43.386679+08
288,T01-SR-01-DISP,2026-09-26 12:00:07.8+08,160,150,运维-正常转换,2026-09-27 16:16:43.386679+08
289,T01-SR-01-DISP,2026-09-26 12:00:07.9+08,160,150,运维-正常转换,2026-09-27 16:16:43.386679+08
290,T01-SR-01-DISP,2026-09-26 12:00:08+08,160,150,运维-正常转换,2026-09-27 16:16:43.386679+08
291,T01-SR-01-DISP,2026-09-26 12:00:08.1+08,160,150,运维-正常转换,2026-09-27 16:16:43.386679+08
292,T01-SR-01-DISP,2026-09-26 12:00:08.2+08,160,150,运维-正常转换,2026-09-27 16:16:43.386679+08
293,T01-SR-01-DISP,2026-09-26 12:00:08.3+08,160,150,运维-正常转换,2026-09-27 16:16:43.386679+08
294,T01-SR-01-DISP,2026-09-26 12:00:08.4+08,160,150,运维-正常转换,2026-09-27 16:16:43.386679+08
295,T01-SR-01-DISP,2026-09-26 12:00:08.5+08,160,150,运维-正常转换,2026-09-27 16:16:43.386679+08
296,T01-SR-01-DISP,2026-09-26 12:00:08.6+08,160,150,运维-正常转换,2026-09-27 16:16:43.386679+08
297,T01-SR-01-DISP,2026-09-26 12:00:08.7+08,160,150,运维-正常转换,2026-09-27 16:16:43.386679+08
298,T01-SR-01-DISP,2026-09-26 12:00:08.8+08,160,150,运维-正常转换,2026-09-27 16:16:43.386679+08
299,T01-SR-01-DISP,2026-09-26 12:00:08.9+08,160,150,运维-正常转换,2026-09-27 16:16:43.386679+08
300,T01-SR-01-DISP,2026-09-26 12:00:09+08,160,150,运维-正常转换,2026-09-27 16:16:43.386679+08
301,T01-SR-01-DISP,2026-09-26 12:00:09.1+08,160,150,运维-正常转换,2026-09-27 16:16:43.386679+08
302,T01-SR-01-DISP,2026-09-26 12:00:09.2+08,160,150,运维-正常转换,2026-09-27 16:16:43.386679+08
303,T01-SR-01-DISP,2026-09-26 12:00:09.3+08,160,150,运维-正常转换,2026-09-27 16:16:43.386679+08
304,T01-SR-01-DISP,2026-09-26 12:00:09.4+08,160,150,运维-正常转换,2026-09-27 16:16:43.386679+08
305,T01-SR-01-DISP,2026-09-26 12:00:09.5+08,160,150,运维-正常转换,2026-09-27 16:16:43.386679+08
306,T01-SR-01-DISP,2026-09-26 12:00:09.6+08,160,150,运维-正常转换,2026-09-27 16:16:43.386679+08
307,T01-SR-01-DISP,2026-09-26 12:00:09.7+08,160,150,运维-正常转换,2026-09-27 16:16:43.386679+08
308,T01-SR-01-DISP,2026-09-26 12:00:09.8+08,160,150,运维-正常转换,2026-09-27 16:16:43.386679+08
309,T01-SR-01-DISP,2026-09-26 12:00:09.9+08,160,150,运维-正常转换,2026-09-27 16:16:43.386679+08
310,T01-SR-01-DISP,2026-09-26 13:00:05.1+08,150.28,150,运维-正常转换,2026-09-27 16:16:43.442117+08
311,T01-SR-01-DISP,2026-09-26 13:00:05.2+08,152.23,150,运维-正常转换,2026-09-27 16:16:43.442117+08
312,T01-SR-01-DISP,2026-09-26 13:00:05.3+08,153.97,150,运维-正常转换,2026-09-27 16:16:43.442117+08
313,T01-SR-01-DISP,2026-09-26 13:00:05.4+08,155.52,150,运维-正常转换,2026-09-27 16:16:43.442117+08
314,T01-SR-01-DISP,2026-09-26 13:00:05.5+08,156.85,150,运维-正常转换,2026-09-27 16:16:43.442117+08
315,T01-SR-01-DISP,2026-09-26 13:00:05.6+08,157.96,150,运维-正常转换,2026-09-27 16:16:43.442117+08
316,T01-SR-01-DISP,2026-09-26 13:00:05.7+08,158.84,150,运维-正常转换,2026-09-27 16:16:43.442117+08
317,T01-SR-01-DISP,2026-09-26 13:00:05.8+08,159.48,150,运维-正常转换,2026-09-27 16:16:43.442117+08
318,T01-SR-01-DISP,2026-09-26 13:00:05.9+08,159.87,150,运维-正常转换,2026-09-27 16:16:43.442117+08
319,T01-SR-01-DISP,2026-09-26 13:00:06+08,160,150,运维-正常转换,2026-09-27 16:16:43.442117+08
320,T01-SR-01-DISP,2026-09-26 13:00:06.1+08,160,150,运维-正常转换,2026-09-27 16:16:43.442117+08
321,T01-SR-01-DISP,2026-09-26 13:00:06.2+08,160,150,运维-正常转换,2026-09-27 16:16:43.442117+08
322,T01-SR-01-DISP,2026-09-26 13:00:06.3+08,160,150,运维-正常转换,2026-09-27 16:16:43.442117+08
323,T01-SR-01-DISP,2026-09-26 13:00:06.4+08,160,150,运维-正常转换,2026-09-27 16:16:43.442117+08
324,T01-SR-01-DISP,2026-09-26 13:00:06.5+08,160,150,运维-正常转换,2026-09-27 16:16:43.442117+08
325,T01-SR-01-DISP,2026-09-26 13:00:06.6+08,160,150,运维-正常转换,2026-09-27 16:16:43.442117+08
326,T01-SR-01-DISP,2026-09-26 13:00:06.7+08,160,150,运维-正常转换,2026-09-27 16:16:43.442117+08
327,T01-SR-01-DISP,2026-09-26 13:00:06.8+08,160,150,运维-正常转换,2026-09-27 16:16:43.442117+08
328,T01-SR-01-DISP,2026-09-26 13:00:06.9+08,160,150,运维-正常转换,2026-09-27 16:16:43.442117+08
329,T01-SR-01-DISP,2026-09-26 13:00:07+08,160,150,运维-正常转换,2026-09-27 16:16:43.442117+08
330,T01-SR-01-DISP,2026-09-26 13:00:07.1+08,160,150,运维-正常转换,2026-09-27 16:16:43.442117+08
331,T01-SR-01-DISP,2026-09-26 13:00:07.2+08,160,150,运维-正常转换,2026-09-27 16:16:43.442117+08
332,T01-SR-01-DISP,2026-09-26 13:00:07.3+08,160,150,运维-正常转换,2026-09-27 16:16:43.442117+08
333,T01-SR-01-DISP,2026-09-26 13:00:07.4+08,160,150,运维-正常转换,2026-09-27 16:16:43.442117+08
334,T01-SR-01-DISP,2026-09-26 13:00:07.5+08,160,150,运维-正常转换,2026-09-27 16:16:43.442117+08
335,T01-SR-01-DISP,2026-09-26 13:00:07.6+08,160,150,运维-正常转换,2026-09-27 16:16:43.442117+08
336,T01-SR-01-DISP,2026-09-26 13:00:07.7+08,160,150,运维-正常转换,2026-09-27 16:16:43.442117+08
337,T01-SR-01-DISP,2026-09-26 13:00:07.8+08,160,150,运维-正常转换,2026-09-27 16:16:43.442117+08
338,T01-SR-01-DISP,2026-09-26 13:00:07.9+08,160,150,运维-正常转换,2026-09-27 16:16:43.442117+08
339,T01-SR-01-DISP,2026-09-26 13:00:08+08,160,150,运维-正常转换,2026-09-27 16:16:43.442117+08
340,T01-SR-01-DISP,2026-09-26 13:00:08.1+08,160,150,运维-正常转换,2026-09-27 16:16:43.442117+08
341,T01-SR-01-DISP,2026-09-26 13:00:08.2+08,160,150,运维-正常转换,2026-09-27 16:16:43.442117+08
342,T01-SR-01-DISP,2026-09-26 13:00:08.3+08,160,150,运维-正常转换,2026-09-27 16:16:43.442117+08
343,T01-SR-01-DISP,2026-09-26 13:00:08.4+08,160,150,运维-正常转换,2026-09-27 16:16:43.442117+08
344,T01-SR-01-DISP,2026-09-26 13:00:08.5+08,160,150,运维-正常转换,2026-09-27 16:16:43.442117+08
345,T01-SR-01-DISP,2026-09-26 13:00:08.6+08,160,150,运维-正常转换,2026-09-27 16:16:43.442117+08
346,T01-SR-01-DISP,2026-09-26 13:00:08.7+08,160,150,运维-正常转换,2026-09-27 16:16:43.442117+08
347,T01-SR-01-DISP,2026-09-26 13:00:08.8+08,160,150,运维-正常转换,2026-09-27 16:16:43.442117+08
348,T01-SR-01-DISP,2026-09-26 13:00:08.9+08,160,150,运维-正常转换,2026-09-27 16:16:43.442117+08
349,T01-SR-01-DISP,2026-09-26 13:00:09+08,160,150,运维-正常转换,2026-09-27 16:16:43.442117+08
350,T01-SR-01-DISP,2026-09-26 13:00:09.1+08,160,150,运维-正常转换,2026-09-27 16:16:43.442117+08
351,T01-SR-01-DISP,2026-09-26 13:00:09.2+08,160,150,运维-正常转换,2026-09-27 16:16:43.442117+08
352,T01-SR-01-DISP,2026-09-26 13:00:09.3+08,160,150,运维-正常转换,2026-09-27 16:16:43.442117+08
353,T01-SR-01-DISP,2026-09-26 13:00:09.4+08,160,150,运维-正常转换,2026-09-27 16:16:43.442117+08
354,T01-SR-01-DISP,2026-09-26 13:00:09.5+08,160,150,运维-正常转换,2026-09-27 16:16:43.442117+08
355,T01-SR-01-DISP,2026-09-26 13:00:09.6+08,160,150,运维-正常转换,2026-09-27 16:16:43.442117+08
356,T01-SR-01-DISP,2026-09-26 13:00:09.7+08,160,150,运维-正常转换,2026-09-27 16:16:43.442117+08
357,T01-SR-01-DISP,2026-09-26 13:00:09.8+08,160,150,运维-正常转换,2026-09-27 16:16:43.442117+08
358,T01-SR-01-DISP,2026-09-26 13:00:09.9+08,160,150,运维-正常转换,2026-09-27 16:16:43.442117+08
359,T01-SR-01-DISP,2026-09-26 14:00:05.1+08,150.28,150,运维-正常转换,2026-09-27 16:16:43.497094+08
360,T01-SR-01-DISP,2026-09-26 14:00:05.2+08,152.23,150,运维-正常转换,2026-09-27 16:16:43.497094+08
361,T01-SR-01-DISP,2026-09-26 14:00:05.3+08,153.97,150,运维-正常转换,2026-09-27 16:16:43.497094+08
362,T01-SR-01-DISP,2026-09-26 14:00:05.4+08,155.52,150,运维-正常转换,2026-09-27 16:16:43.497094+08
363,T01-SR-01-DISP,2026-09-26 14:00:05.5+08,156.85,150,运维-正常转换,2026-09-27 16:16:43.497094+08
364,T01-SR-01-DISP,2026-09-26 14:00:05.6+08,157.96,150,运维-正常转换,2026-09-27 16:16:43.497094+08
365,T01-SR-01-DISP,2026-09-26 14:00:05.7+08,158.84,150,运维-正常转换,2026-09-27 16:16:43.497094+08
366,T01-SR-01-DISP,2026-09-26 14:00:05.8+08,159.48,150,运维-正常转换,2026-09-27 16:16:43.497094+08
367,T01-SR-01-DISP,2026-09-26 14:00:05.9+08,159.87,150,运维-正常转换,2026-09-27 16:16:43.497094+08
368,T01-SR-01-DISP,2026-09-26 14:00:06+08,160,150,运维-正常转换,2026-09-27 16:16:43.497094+08
369,T01-SR-01-DISP,2026-09-26 14:00:06.1+08,160,150,运维-正常转换,2026-09-27 16:16:43.497094+08
370,T01-SR-01-DISP,2026-09-26 14:00:06.2+08,160,150,运维-正常转换,2026-09-27 16:16:43.497094+08
371,T01-SR-01-DISP,2026-09-26 14:00:06.3+08,160,150,运维-正常转换,2026-09-27 16:16:43.497094+08
372,T01-SR-01-DISP,2026-09-26 14:00:06.4+08,160,150,运维-正常转换,2026-09-27 16:16:43.497094+08
373,T01-SR-01-DISP,2026-09-26 14:00:06.5+08,160,150,运维-正常转换,2026-09-27 16:16:43.497094+08
374,T01-SR-01-DISP,2026-09-26 14:00:06.6+08,160,150,运维-正常转换,2026-09-27 16:16:43.497094+08
375,T01-SR-01-DISP,2026-09-26 14:00:06.7+08,160,150,运维-正常转换,2026-09-27 16:16:43.497094+08
376,T01-SR-01-DISP,2026-09-26 14:00:06.8+08,160,150,运维-正常转换,2026-09-27 16:16:43.497094+08
377,T01-SR-01-DISP,2026-09-26 14:00:06.9+08,160,150,运维-正常转换,2026-09-27 16:16:43.497094+08
378,T01-SR-01-DISP,2026-09-26 14:00:07+08,160,150,运维-正常转换,2026-09-27 16:16:43.497094+08
379,T01-SR-01-DISP,2026-09-26 14:00:07.1+08,160,150,运维-正常转换,2026-09-27 16:16:43.497094+08
380,T01-SR-01-DISP,2026-09-26 14:00:07.2+08,160,150,运维-正常转换,2026-09-27 16:16:43.497094+08
381,T01-SR-01-DISP,2026-09-26 14:00:07.3+08,160,150,运维-正常转换,2026-09-27 16:16:43.497094+08
382,T01-SR-01-DISP,2026-09-26 14:00:07.4+08,160,150,运维-正常转换,2026-09-27 16:16:43.497094+08
383,T01-SR-01-DISP,2026-09-26 14:00:07.5+08,160,150,运维-正常转换,2026-09-27 16:16:43.497094+08
384,T01-SR-01-DISP,2026-09-26 14:00:07.6+08,160,150,运维-正常转换,2026-09-27 16:16:43.497094+08
385,T01-SR-01-DISP,2026-09-26 14:00:07.7+08,160,150,运维-正常转换,2026-09-27 16:16:43.497094+08
386,T01-SR-01-DISP,2026-09-26 14:00:07.8+08,160,150,运维-正常转换,2026-09-27 16:16:43.497094+08
387,T01-SR-01-DISP,2026-09-26 14:00:07.9+08,160,150,运维-正常转换,2026-09-27 16:16:43.497094+08
388,T01-SR-01-DISP,2026-09-26 14:00:08+08,160,150,运维-正常转换,2026-09-27 16:16:43.497094+08
389,T01-SR-01-DISP,2026-09-26 14:00:08.1+08,160,150,运维-正常转换,2026-09-27 16:16:43.497094+08
390,T01-SR-01-DISP,2026-09-26 14:00:08.2+08,160,150,运维-正常转换,2026-09-27 16:16:43.497094+08
391,T01-SR-01-DISP,2026-09-26 14:00:08.3+08,160,150,运维-正常转换,2026-09-27 16:16:43.497094+08
392,T01-SR-01-DISP,2026-09-26 14:00:08.4+08,160,150,运维-正常转换,2026-09-27 16:16:43.497094+08
393,T01-SR-01-DISP,2026-09-26 14:00:08.5+08,160,150,运维-正常转换,2026-09-27 16:16:43.497094+08
394,T01-SR-01-DISP,2026-09-26 14:00:08.6+08,160,150,运维-正常转换,2026-09-27 16:16:43.497094+08
395,T01-SR-01-DISP,2026-09-26 14:00:08.7+08,160,150,运维-正常转换,2026-09-27 16:16:43.497094+08
396,T01-SR-01-DISP,2026-09-26 14:00:08.8+08,160,150,运维-正常转换,2026-09-27 16:16:43.497094+08
397,T01-SR-01-DISP,2026-09-26 14:00:08.9+08,160,150,运维-正常转换,2026-09-27 16:16:43.497094+08
398,T01-SR-01-DISP,2026-09-26 14:00:09+08,160,150,运维-正常转换,2026-09-27 16:16:43.497094+08
399,T01-SR-01-DISP,2026-09-26 14:00:09.1+08,160,150,运维-正常转换,2026-09-27 16:16:43.497094+08
400,T01-SR-01-DISP,2026-09-26 14:00:09.2+08,160,150,运维-正常转换,2026-09-27 16:16:43.497094+08
401,T01-SR-01-DISP,2026-09-26 14:00:09.3+08,160,150,运维-正常转换,2026-09-27 16:16:43.497094+08
402,T01-SR-01-DISP,2026-09-26 14:00:09.4+08,160,150,运维-正常转换,2026-09-27 16:16:43.497094+08
403,T01-SR-01-DISP,2026-09-26 14:00:09.5+08,160,150,运维-正常转换,2026-09-27 16:16:43.497094+08
404,T01-SR-01-DISP,2026-09-26 14:00:09.6+08,160,150,运维-正常转换,2026-09-27 16:16:43.497094+08
405,T01-SR-01-DISP,2026-09-26 14:00:09.7+08,160,150,运维-正常转换,2026-09-27 16:16:43.497094+08
406,T01-SR-01-DISP,2026-09-26 14:00:09.8+08,160,150,运维-正常转换,2026-09-27 16:16:43.497094+08
407,T01-SR-01-DISP,2026-09-26 14:00:09.9+08,160,150,运维-正常转换,2026-09-27 16:16:43.497094+08
408,T01-SR-01-DISP,2026-09-26 15:00:05.1+08,150.28,150,运维-正常转换,2026-09-27 16:16:43.551564+08
409,T01-SR-01-DISP,2026-09-26 15:00:05.2+08,152.23,150,运维-正常转换,2026-09-27 16:16:43.551564+08
410,T01-SR-01-DISP,2026-09-26 15:00:05.3+08,153.97,150,运维-正常转换,2026-09-27 16:16:43.551564+08
411,T01-SR-01-DISP,2026-09-26 15:00:05.4+08,155.52,150,运维-正常转换,2026-09-27 16:16:43.551564+08
412,T01-SR-01-DISP,2026-09-26 15:00:05.5+08,156.85,150,运维-正常转换,2026-09-27 16:16:43.551564+08
413,T01-SR-01-DISP,2026-09-26 15:00:05.6+08,157.96,150,运维-正常转换,2026-09-27 16:16:43.551564+08
414,T01-SR-01-DISP,2026-09-26 15:00:05.7+08,158.84,150,运维-正常转换,2026-09-27 16:16:43.551564+08
415,T01-SR-01-DISP,2026-09-26 15:00:05.8+08,159.48,150,运维-正常转换,2026-09-27 16:16:43.551564+08
416,T01-SR-01-DISP,2026-09-26 15:00:05.9+08,159.87,150,运维-正常转换,2026-09-27 16:16:43.551564+08
417,T01-SR-01-DISP,2026-09-26 15:00:06+08,160,150,运维-正常转换,2026-09-27 16:16:43.551564+08
418,T01-SR-01-DISP,2026-09-26 15:00:06.1+08,160,150,运维-正常转换,2026-09-27 16:16:43.551564+08
419,T01-SR-01-DISP,2026-09-26 15:00:06.2+08,160,150,运维-正常转换,2026-09-27 16:16:43.551564+08
420,T01-SR-01-DISP,2026-09-26 15:00:06.3+08,160,150,运维-正常转换,2026-09-27 16:16:43.551564+08
421,T01-SR-01-DISP,2026-09-26 15:00:06.4+08,160,150,运维-正常转换,2026-09-27 16:16:43.551564+08
422,T01-SR-01-DISP,2026-09-26 15:00:06.5+08,160,150,运维-正常转换,2026-09-27 16:16:43.551564+08
423,T01-SR-01-DISP,2026-09-26 15:00:06.6+08,160,150,运维-正常转换,2026-09-27 16:16:43.551564+08
424,T01-SR-01-DISP,2026-09-26 15:00:06.7+08,160,150,运维-正常转换,2026-09-27 16:16:43.551564+08
425,T01-SR-01-DISP,2026-09-26 15:00:06.8+08,160,150,运维-正常转换,2026-09-27 16:16:43.551564+08
426,T01-SR-01-DISP,2026-09-26 15:00:06.9+08,160,150,运维-正常转换,2026-09-27 16:16:43.551564+08
427,T01-SR-01-DISP,2026-09-26 15:00:07+08,160,150,运维-正常转换,2026-09-27 16:16:43.551564+08
428,T01-SR-01-DISP,2026-09-26 15:00:07.1+08,160,150,运维-正常转换,2026-09-27 16:16:43.551564+08
429,T01-SR-01-DISP,2026-09-26 15:00:07.2+08,160,150,运维-正常转换,2026-09-27 16:16:43.551564+08
430,T01-SR-01-DISP,2026-09-26 15:00:07.3+08,160,150,运维-正常转换,2026-09-27 16:16:43.551564+08
431,T01-SR-01-DISP,2026-09-26 15:00:07.4+08,160,150,运维-正常转换,2026-09-27 16:16:43.551564+08
432,T01-SR-01-DISP,2026-09-26 15:00:07.5+08,160,150,运维-正常转换,2026-09-27 16:16:43.551564+08
433,T01-SR-01-DISP,2026-09-26 15:00:07.6+08,160,150,运维-正常转换,2026-09-27 16:16:43.551564+08
434,T01-SR-01-DISP,2026-09-26 15:00:07.7+08,160,150,运维-正常转换,2026-09-27 16:16:43.551564+08
435,T01-SR-01-DISP,2026-09-26 15:00:07.8+08,160,150,运维-正常转换,2026-09-27 16:16:43.551564+08
436,T01-SR-01-DISP,2026-09-26 15:00:07.9+08,160,150,运维-正常转换,2026-09-27 16:16:43.551564+08
437,T01-SR-01-DISP,2026-09-26 15:00:08+08,160,150,运维-正常转换,2026-09-27 16:16:43.551564+08
438,T01-SR-01-DISP,2026-09-26 15:00:08.1+08,160,150,运维-正常转换,2026-09-27 16:16:43.551564+08
439,T01-SR-01-DISP,2026-09-26 15:00:08.2+08,160,150,运维-正常转换,2026-09-27 16:16:43.551564+08
440,T01-SR-01-DISP,2026-09-26 15:00:08.3+08,160,150,运维-正常转换,2026-09-27 16:16:43.551564+08
441,T01-SR-01-DISP,2026-09-26 15:00:08.4+08,160,150,运维-正常转换,2026-09-27 16:16:43.551564+08
442,T01-SR-01-DISP,2026-09-26 15:00:08.5+08,160,150,运维-正常转换,2026-09-27 16:16:43.551564+08
443,T01-SR-01-DISP,2026-09-26 15:00:08.6+08,160,150,运维-正常转换,2026-09-27 16:16:43.551564+08
444,T01-SR-01-DISP,2026-09-26 15:00:08.7+08,160,150,运维-正常转换,2026-09-27 16:16:43.551564+08
445,T01-SR-01-DISP,2026-09-26 15:00:08.8+08,160,150,运维-正常转换,2026-09-27 16:16:43.551564+08
446,T01-SR-01-DISP,2026-09-26 15:00:08.9+08,160,150,运维-正常转换,2026-09-27 16:16:43.551564+08
447,T01-SR-01-DISP,2026-09-26 15:00:09+08,160,150,运维-正常转换,2026-09-27 16:16:43.551564+08
448,T01-SR-01-DISP,2026-09-26 15:00:09.1+08,160,150,运维-正常转换,2026-09-27 16:16:43.551564+08
449,T01-SR-01-DISP,2026-09-26 15:00:09.2+08,160,150,运维-正常转换,2026-09-27 16:16:43.551564+08
450,T01-SR-01-DISP,2026-09-26 15:00:09.3+08,160,150,运维-正常转换,2026-09-27 16:16:43.551564+08
451,T01-SR-01-DISP,2026-09-26 15:00:09.4+08,160,150,运维-正常转换,2026-09-27 16:16:43.551564+08
452,T01-SR-01-DISP,2026-09-26 15:00:09.5+08,160,150,运维-正常转换,2026-09-27 16:16:43.551564+08
453,T01-SR-01-DISP,2026-09-26 15:00:09.6+08,160,150,运维-正常转换,2026-09-27 16:16:43.551564+08
454,T01-SR-01-DISP,2026-09-26 15:00:09.7+08,160,150,运维-正常转换,2026-09-27 16:16:43.551564+08
455,T01-SR-01-DISP,2026-09-26 15:00:09.8+08,160,150,运维-正常转换,2026-09-27 16:16:43.551564+08
456,T01-SR-01-DISP,2026-09-26 15:00:09.9+08,160,150,运维-正常转换,2026-09-27 16:16:43.551564+08
457,T01-SR-01-DISP,2026-09-26 16:00:05.6+08,150.06,150,运维-密贴不良,2026-09-27 16:16:43.607764+08
458,T01-SR-01-DISP,2026-09-26 16:00:05.7+08,150.9,150,运维-密贴不良,2026-09-27 16:16:43.607764+08
459,T01-SR-01-DISP,2026-09-26 16:00:05.8+08,151.5,150,运维-密贴不良,2026-09-27 16:16:43.607764+08
460,T01-SR-01-DISP,2026-09-26 16:00:05.9+08,151.87,150,运维-密贴不良,2026-09-27 16:16:43.607764+08
461,T01-SR-01-DISP,2026-09-26 16:00:06+08,152,150,运维-密贴不良,2026-09-27 16:16:43.607764+08
462,T01-SR-01-DISP,2026-09-26 16:00:06.1+08,152,150,运维-密贴不良,2026-09-27 16:16:43.607764+08
463,T01-SR-01-DISP,2026-09-26 16:00:06.2+08,152,150,运维-密贴不良,2026-09-27 16:16:43.607764+08
464,T01-SR-01-DISP,2026-09-26 16:00:06.3+08,152,150,运维-密贴不良,2026-09-27 16:16:43.607764+08
465,T01-SR-01-DISP,2026-09-26 16:00:06.4+08,152,150,运维-密贴不良,2026-09-27 16:16:43.607764+08
466,T01-SR-01-DISP,2026-09-26 16:00:06.5+08,152,150,运维-密贴不良,2026-09-27 16:16:43.607764+08
467,T01-SR-01-DISP,2026-09-26 16:00:06.6+08,152,150,运维-密贴不良,2026-09-27 16:16:43.607764+08
468,T01-SR-01-DISP,2026-09-26 16:00:06.7+08,152,150,运维-密贴不良,2026-09-27 16:16:43.607764+08
469,T01-SR-01-DISP,2026-09-26 16:00:06.8+08,152,150,运维-密贴不良,2026-09-27 16:16:43.607764+08
470,T01-SR-01-DISP,2026-09-26 16:00:06.9+08,152,150,运维-密贴不良,2026-09-27 16:16:43.607764+08
471,T01-SR-01-DISP,2026-09-26 16:00:07+08,152,150,运维-密贴不良,2026-09-27 16:16:43.607764+08
472,T01-SR-01-DISP,2026-09-26 16:00:07.1+08,152,150,运维-密贴不良,2026-09-27 16:16:43.607764+08
473,T01-SR-01-DISP,2026-09-26 16:00:07.2+08,152,150,运维-密贴不良,2026-09-27 16:16:43.607764+08
474,T01-SR-01-DISP,2026-09-26 16:00:07.3+08,152,150,运维-密贴不良,2026-09-27 16:16:43.607764+08
475,T01-SR-01-DISP,2026-09-26 16:00:07.4+08,152,150,运维-密贴不良,2026-09-27 16:16:43.607764+08
476,T01-SR-01-DISP,2026-09-26 16:00:07.5+08,152,150,运维-密贴不良,2026-09-27 16:16:43.607764+08
477,T01-SR-01-DISP,2026-09-26 16:00:07.6+08,152,150,运维-密贴不良,2026-09-27 16:16:43.607764+08
478,T01-SR-01-DISP,2026-09-26 16:00:07.7+08,152,150,运维-密贴不良,2026-09-27 16:16:43.607764+08
479,T01-SR-01-DISP,2026-09-26 16:00:07.8+08,152,150,运维-密贴不良,2026-09-27 16:16:43.607764+08
480,T01-SR-01-DISP,2026-09-26 16:00:07.9+08,152,150,运维-密贴不良,2026-09-27 16:16:43.607764+08
481,T01-SR-01-DISP,2026-09-26 16:00:08+08,152,150,运维-密贴不良,2026-09-27 16:16:43.607764+08
482,T01-SR-01-DISP,2026-09-26 16:00:08.1+08,152,150,运维-密贴不良,2026-09-27 16:16:43.607764+08
483,T01-SR-01-DISP,2026-09-26 16:00:08.2+08,152,150,运维-密贴不良,2026-09-27 16:16:43.607764+08
484,T01-SR-01-DISP,2026-09-26 16:00:08.3+08,152,150,运维-密贴不良,2026-09-27 16:16:43.607764+08
485,T01-SR-01-DISP,2026-09-26 16:00:08.4+08,152,150,运维-密贴不良,2026-09-27 16:16:43.607764+08
486,T01-SR-01-DISP,2026-09-26 16:00:08.5+08,152,150,运维-密贴不良,2026-09-27 16:16:43.607764+08
487,T01-SR-01-DISP,2026-09-26 16:00:08.6+08,152,150,运维-密贴不良,2026-09-27 16:16:43.607764+08
488,T01-SR-01-DISP,2026-09-26 16:00:08.7+08,152,150,运维-密贴不良,2026-09-27 16:16:43.607764+08
489,T01-SR-01-DISP,2026-09-26 16:00:08.8+08,152,150,运维-密贴不良,2026-09-27 16:16:43.607764+08
490,T01-SR-01-DISP,2026-09-26 16:00:08.9+08,152,150,运维-密贴不良,2026-09-27 16:16:43.607764+08
491,T01-SR-01-DISP,2026-09-26 16:00:09+08,152,150,运维-密贴不良,2026-09-27 16:16:43.607764+08
492,T01-SR-01-DISP,2026-09-26 16:00:09.1+08,152,150,运维-密贴不良,2026-09-27 16:16:43.607764+08
493,T01-SR-01-DISP,2026-09-26 16:00:09.2+08,152,150,运维-密贴不良,2026-09-27 16:16:43.607764+08
494,T01-SR-01-DISP,2026-09-26 16:00:09.3+08,152,150,运维-密贴不良,2026-09-27 16:16:43.607764+08
495,T01-SR-01-DISP,2026-09-26 16:00:09.4+08,152,150,运维-密贴不良,2026-09-27 16:16:43.607764+08
496,T01-SR-01-DISP,2026-09-26 16:00:09.5+08,152,150,运维-密贴不良,2026-09-27 16:16:43.607764+08
497,T01-SR-01-DISP,2026-09-26 16:00:09.6+08,152,150,运维-密贴不良,2026-09-27 16:16:43.607764+08
498,T01-SR-01-DISP,2026-09-26 16:00:09.7+08,152,150,运维-密贴不良,2026-09-27 16:16:43.607764+08
499,T01-SR-01-DISP,2026-09-26 16:00:09.8+08,152,150,运维-密贴不良,2026-09-27 16:16:43.607764+08
500,T01-SR-01-DISP,2026-09-26 16:00:09.9+08,152,150,运维-密贴不良,2026-09-27 16:16:43.607764+08
501,T01-SR-01-DISP,2026-09-26 17:00:05.1+08,150.28,150,运维-正常转换,2026-09-27 16:16:43.663811+08
502,T01-SR-01-DISP,2026-09-26 17:00:05.2+08,152.23,150,运维-正常转换,2026-09-27 16:16:43.663811+08
503,T01-SR-01-DISP,2026-09-26 17:00:05.3+08,153.97,150,运维-正常转换,2026-09-27 16:16:43.663811+08
504,T01-SR-01-DISP,2026-09-26 17:00:05.4+08,155.52,150,运维-正常转换,2026-09-27 16:16:43.663811+08
505,T01-SR-01-DISP,2026-09-26 17:00:05.5+08,156.85,150,运维-正常转换,2026-09-27 16:16:43.663811+08
506,T01-SR-01-DISP,2026-09-26 17:00:05.6+08,157.96,150,运维-正常转换,2026-09-27 16:16:43.663811+08
507,T01-SR-01-DISP,2026-09-26 17:00:05.7+08,158.84,150,运维-正常转换,2026-09-27 16:16:43.663811+08
508,T01-SR-01-DISP,2026-09-26 17:00:05.8+08,159.48,150,运维-正常转换,2026-09-27 16:16:43.663811+08
509,T01-SR-01-DISP,2026-09-26 17:00:05.9+08,159.87,150,运维-正常转换,2026-09-27 16:16:43.663811+08
510,T01-SR-01-DISP,2026-09-26 17:00:06+08,160,150,运维-正常转换,2026-09-27 16:16:43.663811+08
511,T01-SR-01-DISP,2026-09-26 17:00:06.1+08,160,150,运维-正常转换,2026-09-27 16:16:43.663811+08
512,T01-SR-01-DISP,2026-09-26 17:00:06.2+08,160,150,运维-正常转换,2026-09-27 16:16:43.663811+08
513,T01-SR-01-DISP,2026-09-26 17:00:06.3+08,160,150,运维-正常转换,2026-09-27 16:16:43.663811+08
514,T01-SR-01-DISP,2026-09-26 17:00:06.4+08,160,150,运维-正常转换,2026-09-27 16:16:43.663811+08
515,T01-SR-01-DISP,2026-09-26 17:00:06.5+08,160,150,运维-正常转换,2026-09-27 16:16:43.663811+08
516,T01-SR-01-DISP,2026-09-26 17:00:06.6+08,160,150,运维-正常转换,2026-09-27 16:16:43.663811+08
517,T01-SR-01-DISP,2026-09-26 17:00:06.7+08,160,150,运维-正常转换,2026-09-27 16:16:43.663811+08
518,T01-SR-01-DISP,2026-09-26 17:00:06.8+08,160,150,运维-正常转换,2026-09-27 16:16:43.663811+08
519,T01-SR-01-DISP,2026-09-26 17:00:06.9+08,160,150,运维-正常转换,2026-09-27 16:16:43.663811+08
520,T01-SR-01-DISP,2026-09-26 17:00:07+08,160,150,运维-正常转换,2026-09-27 16:16:43.663811+08
521,T01-SR-01-DISP,2026-09-26 17:00:07.1+08,160,150,运维-正常转换,2026-09-27 16:16:43.663811+08
522,T01-SR-01-DISP,2026-09-26 17:00:07.2+08,160,150,运维-正常转换,2026-09-27 16:16:43.663811+08
523,T01-SR-01-DISP,2026-09-26 17:00:07.3+08,160,150,运维-正常转换,2026-09-27 16:16:43.663811+08
524,T01-SR-01-DISP,2026-09-26 17:00:07.4+08,160,150,运维-正常转换,2026-09-27 16:16:43.663811+08
525,T01-SR-01-DISP,2026-09-26 17:00:07.5+08,160,150,运维-正常转换,2026-09-27 16:16:43.663811+08
526,T01-SR-01-DISP,2026-09-26 17:00:07.6+08,160,150,运维-正常转换,2026-09-27 16:16:43.663811+08
527,T01-SR-01-DISP,2026-09-26 17:00:07.7+08,160,150,运维-正常转换,2026-09-27 16:16:43.663811+08
528,T01-SR-01-DISP,2026-09-26 17:00:07.8+08,160,150,运维-正常转换,2026-09-27 16:16:43.663811+08
529,T01-SR-01-DISP,2026-09-26 17:00:07.9+08,160,150,运维-正常转换,2026-09-27 16:16:43.663811+08
530,T01-SR-01-DISP,2026-09-26 17:00:08+08,160,150,运维-正常转换,2026-09-27 16:16:43.663811+08
531,T01-SR-01-DISP,2026-09-26 17:00:08.1+08,160,150,运维-正常转换,2026-09-27 16:16:43.663811+08
532,T01-SR-01-DISP,2026-09-26 17:00:08.2+08,160,150,运维-正常转换,2026-09-27 16:16:43.663811+08
533,T01-SR-01-DISP,2026-09-26 17:00:08.3+08,160,150,运维-正常转换,2026-09-27 16:16:43.663811+08
534,T01-SR-01-DISP,2026-09-26 17:00:08.4+08,160,150,运维-正常转换,2026-09-27 16:16:43.663811+08
535,T01-SR-01-DISP,2026-09-26 17:00:08.5+08,160,150,运维-正常转换,2026-09-27 16:16:43.663811+08
536,T01-SR-01-DISP,2026-09-26 17:00:08.6+08,160,150,运维-正常转换,2026-09-27 16:16:43.663811+08
537,T01-SR-01-DISP,2026-09-26 17:00:08.7+08,160,150,运维-正常转换,2026-09-27 16:16:43.663811+08
538,T01-SR-01-DISP,2026-09-26 17:00:08.8+08,160,150,运维-正常转换,2026-09-27 16:16:43.663811+08
539,T01-SR-01-DISP,2026-09-26 17:00:08.9+08,160,150,运维-正常转换,2026-09-27 16:16:43.663811+08
540,T01-SR-01-DISP,2026-09-26 17:00:09+08,160,150,运维-正常转换,2026-09-27 16:16:43.663811+08
541,T01-SR-01-DISP,2026-09-26 17:00:09.1+08,160,150,运维-正常转换,2026-09-27 16:16:43.663811+08
542,T01-SR-01-DISP,2026-09-26 17:00:09.2+08,160,150,运维-正常转换,2026-09-27 16:16:43.663811+08
543,T01-SR-01-DISP,2026-09-26 17:00:09.3+08,160,150,运维-正常转换,2026-09-27 16:16:43.663811+08
544,T01-SR-01-DISP,2026-09-26 17:00:09.4+08,160,150,运维-正常转换,2026-09-27 16:16:43.663811+08
545,T01-SR-01-DISP,2026-09-26 17:00:09.5+08,160,150,运维-正常转换,2026-09-27 16:16:43.663811+08
546,T01-SR-01-DISP,2026-09-26 17:00:09.6+08,160,150,运维-正常转换,2026-09-27 16:16:43.663811+08
547,T01-SR-01-DISP,2026-09-26 17:00:09.7+08,160,150,运维-正常转换,2026-09-27 16:16:43.663811+08
548,T01-SR-01-DISP,2026-09-26 17:00:09.8+08,160,150,运维-正常转换,2026-09-27 16:16:43.663811+08
549,T01-SR-01-DISP,2026-09-26 17:00:09.9+08,160,150,运维-正常转换,2026-09-27 16:16:43.663811+08
550,T01-SR-01-DISP,2026-09-26 18:00:05.1+08,150.28,150,运维-正常转换,2026-09-27 16:16:43.719315+08
551,T01-SR-01-DISP,2026-09-26 18:00:05.2+08,152.23,150,运维-正常转换,2026-09-27 16:16:43.719315+08
552,T01-SR-01-DISP,2026-09-26 18:00:05.3+08,153.97,150,运维-正常转换,2026-09-27 16:16:43.719315+08
553,T01-SR-01-DISP,2026-09-26 18:00:05.4+08,155.52,150,运维-正常转换,2026-09-27 16:16:43.719315+08
554,T01-SR-01-DISP,2026-09-26 18:00:05.5+08,156.85,150,运维-正常转换,2026-09-27 16:16:43.719315+08
555,T01-SR-01-DISP,2026-09-26 18:00:05.6+08,157.96,150,运维-正常转换,2026-09-27 16:16:43.719315+08
556,T01-SR-01-DISP,2026-09-26 18:00:05.7+08,158.84,150,运维-正常转换,2026-09-27 16:16:43.719315+08
557,T01-SR-01-DISP,2026-09-26 18:00:05.8+08,159.48,150,运维-正常转换,2026-09-27 16:16:43.719315+08
558,T01-SR-01-DISP,2026-09-26 18:00:05.9+08,159.87,150,运维-正常转换,2026-09-27 16:16:43.719315+08
559,T01-SR-01-DISP,2026-09-26 18:00:06+08,160,150,运维-正常转换,2026-09-27 16:16:43.719315+08
560,T01-SR-01-DISP,2026-09-26 18:00:06.1+08,160,150,运维-正常转换,2026-09-27 16:16:43.719315+08
561,T01-SR-01-DISP,2026-09-26 18:00:06.2+08,160,150,运维-正常转换,2026-09-27 16:16:43.719315+08
562,T01-SR-01-DISP,2026-09-26 18:00:06.3+08,160,150,运维-正常转换,2026-09-27 16:16:43.719315+08
563,T01-SR-01-DISP,2026-09-26 18:00:06.4+08,160,150,运维-正常转换,2026-09-27 16:16:43.719315+08
564,T01-SR-01-DISP,2026-09-26 18:00:06.5+08,160,150,运维-正常转换,2026-09-27 16:16:43.719315+08
565,T01-SR-01-DISP,2026-09-26 18:00:06.6+08,160,150,运维-正常转换,2026-09-27 16:16:43.719315+08
566,T01-SR-01-DISP,2026-09-26 18:00:06.7+08,160,150,运维-正常转换,2026-09-27 16:16:43.719315+08
567,T01-SR-01-DISP,2026-09-26 18:00:06.8+08,160,150,运维-正常转换,2026-09-27 16:16:43.719315+08
568,T01-SR-01-DISP,2026-09-26 18:00:06.9+08,160,150,运维-正常转换,2026-09-27 16:16:43.719315+08
569,T01-SR-01-DISP,2026-09-26 18:00:07+08,160,150,运维-正常转换,2026-09-27 16:16:43.719315+08
570,T01-SR-01-DISP,2026-09-26 18:00:07.1+08,160,150,运维-正常转换,2026-09-27 16:16:43.719315+08
571,T01-SR-01-DISP,2026-09-26 18:00:07.2+08,160,150,运维-正常转换,2026-09-27 16:16:43.719315+08
572,T01-SR-01-DISP,2026-09-26 18:00:07.3+08,160,150,运维-正常转换,2026-09-27 16:16:43.719315+08
573,T01-SR-01-DISP,2026-09-26 18:00:07.4+08,160,150,运维-正常转换,2026-09-27 16:16:43.719315+08
574,T01-SR-01-DISP,2026-09-26 18:00:07.5+08,160,150,运维-正常转换,2026-09-27 16:16:43.719315+08
575,T01-SR-01-DISP,2026-09-26 18:00:07.6+08,160,150,运维-正常转换,2026-09-27 16:16:43.719315+08
576,T01-SR-01-DISP,2026-09-26 18:00:07.7+08,160,150,运维-正常转换,2026-09-27 16:16:43.719315+08
577,T01-SR-01-DISP,2026-09-26 18:00:07.8+08,160,150,运维-正常转换,2026-09-27 16:16:43.719315+08
578,T01-SR-01-DISP,2026-09-26 18:00:07.9+08,160,150,运维-正常转换,2026-09-27 16:16:43.719315+08
579,T01-SR-01-DISP,2026-09-26 18:00:08+08,160,150,运维-正常转换,2026-09-27 16:16:43.719315+08
580,T01-SR-01-DISP,2026-09-26 18:00:08.1+08,160,150,运维-正常转换,2026-09-27 16:16:43.719315+08
581,T01-SR-01-DISP,2026-09-26 18:00:08.2+08,160,150,运维-正常转换,2026-09-27 16:16:43.719315+08
582,T01-SR-01-DISP,2026-09-26 18:00:08.3+08,160,150,运维-正常转换,2026-09-27 16:16:43.719315+08
583,T01-SR-01-DISP,2026-09-26 18:00:08.4+08,160,150,运维-正常转换,2026-09-27 16:16:43.719315+08
584,T01-SR-01-DISP,2026-09-26 18:00:08.5+08,160,150,运维-正常转换,2026-09-27 16:16:43.719315+08
585,T01-SR-01-DISP,2026-09-26 18:00:08.6+08,160,150,运维-正常转换,2026-09-27 16:16:43.719315+08
586,T01-SR-01-DISP,2026-09-26 18:00:08.7+08,160,150,运维-正常转换,2026-09-27 16:16:43.719315+08
587,T01-SR-01-DISP,2026-09-26 18:00:08.8+08,160,150,运维-正常转换,2026-09-27 16:16:43.719315+08
588,T01-SR-01-DISP,2026-09-26 18:00:08.9+08,160,150,运维-正常转换,2026-09-27 16:16:43.719315+08
589,T01-SR-01-DISP,2026-09-26 18:00:09+08,160,150,运维-正常转换,2026-09-27 16:16:43.719315+08
590,T01-SR-01-DISP,2026-09-26 18:00:09.1+08,160,150,运维-正常转换,2026-09-27 16:16:43.719315+08
591,T01-SR-01-DISP,2026-09-26 18:00:09.2+08,160,150,运维-正常转换,2026-09-27 16:16:43.719315+08
592,T01-SR-01-DISP,2026-09-26 18:00:09.3+08,160,150,运维-正常转换,2026-09-27 16:16:43.719315+08
593,T01-SR-01-DISP,2026-09-26 18:00:09.4+08,160,150,运维-正常转换,2026-09-27 16:16:43.719315+08
594,T01-SR-01-DISP,2026-09-26 18:00:09.5+08,160,150,运维-正常转换,2026-09-27 16:16:43.719315+08
595,T01-SR-01-DISP,2026-09-26 18:00:09.6+08,160,150,运维-正常转换,2026-09-27 16:16:43.719315+08
596,T01-SR-01-DISP,2026-09-26 18:00:09.7+08,160,150,运维-正常转换,2026-09-27 16:16:43.719315+08
597,T01-SR-01-DISP,2026-09-26 18:00:09.8+08,160,150,运维-正常转换,2026-09-27 16:16:43.719315+08
598,T01-SR-01-DISP,2026-09-26 18:00:09.9+08,160,150,运维-正常转换,2026-09-27 16:16:43.719315+08
599,T01-SR-01-DISP,2026-09-26 19:00:05.1+08,150.28,150,运维-锁闭失败,2026-09-27 16:16:43.773618+08
600,T01-SR-01-DISP,2026-09-26 19:00:05.2+08,152.23,150,运维-锁闭失败,2026-09-27 16:16:43.773618+08
601,T01-SR-01-DISP,2026-09-26 19:00:05.3+08,153.97,150,运维-锁闭失败,2026-09-27 16:16:43.773618+08
602,T01-SR-01-DISP,2026-09-26 19:00:05.4+08,155.52,150,运维-锁闭失败,2026-09-27 16:16:43.773618+08
603,T01-SR-01-DISP,2026-09-26 19:00:05.5+08,156.85,150,运维-锁闭失败,2026-09-27 16:16:43.773618+08
604,T01-SR-01-DISP,2026-09-26 19:00:05.6+08,157.96,150,运维-锁闭失败,2026-09-27 16:16:43.773618+08
605,T01-SR-01-DISP,2026-09-26 19:00:05.7+08,158.84,150,运维-锁闭失败,2026-09-27 16:16:43.773618+08
606,T01-SR-01-DISP,2026-09-26 19:00:05.8+08,159.48,150,运维-锁闭失败,2026-09-27 16:16:43.773618+08
607,T01-SR-01-DISP,2026-09-26 19:00:05.9+08,159.87,150,运维-锁闭失败,2026-09-27 16:16:43.773618+08
608,T01-SR-01-DISP,2026-09-26 19:00:06+08,160,150,运维-锁闭失败,2026-09-27 16:16:43.773618+08
609,T01-SR-01-DISP,2026-09-26 19:00:06.1+08,160,150,运维-锁闭失败,2026-09-27 16:16:43.773618+08
610,T01-SR-01-DISP,2026-09-26 19:00:06.2+08,160,150,运维-锁闭失败,2026-09-27 16:16:43.773618+08
611,T01-SR-01-DISP,2026-09-26 19:00:06.3+08,160,150,运维-锁闭失败,2026-09-27 16:16:43.773618+08
612,T01-SR-01-DISP,2026-09-26 19:00:06.4+08,160,150,运维-锁闭失败,2026-09-27 16:16:43.773618+08
613,T01-SR-01-DISP,2026-09-26 19:00:06.5+08,160,150,运维-锁闭失败,2026-09-27 16:16:43.773618+08
614,T01-SR-01-DISP,2026-09-26 19:00:06.6+08,160,150,运维-锁闭失败,2026-09-27 16:16:43.773618+08
615,T01-SR-01-DISP,2026-09-26 19:00:06.7+08,160,150,运维-锁闭失败,2026-09-27 16:16:43.773618+08
616,T01-SR-01-DISP,2026-09-26 19:00:06.8+08,160,150,运维-锁闭失败,2026-09-27 16:16:43.773618+08
617,T01-SR-01-DISP,2026-09-26 19:00:06.9+08,160,150,运维-锁闭失败,2026-09-27 16:16:43.773618+08
618,T01-SR-01-DISP,2026-09-26 19:00:07+08,160,150,运维-锁闭失败,2026-09-27 16:16:43.773618+08
619,T01-SR-01-DISP,2026-09-26 19:00:07.1+08,160,150,运维-锁闭失败,2026-09-27 16:16:43.773618+08
620,T01-SR-01-DISP,2026-09-26 19:00:07.2+08,160,150,运维-锁闭失败,2026-09-27 16:16:43.773618+08
621,T01-SR-01-DISP,2026-09-26 19:00:07.3+08,160,150,运维-锁闭失败,2026-09-27 16:16:43.773618+08
622,T01-SR-01-DISP,2026-09-26 19:00:07.4+08,160,150,运维-锁闭失败,2026-09-27 16:16:43.773618+08
623,T01-SR-01-DISP,2026-09-26 19:00:07.5+08,160,150,运维-锁闭失败,2026-09-27 16:16:43.773618+08
624,T01-SR-01-DISP,2026-09-26 19:00:07.6+08,160,150,运维-锁闭失败,2026-09-27 16:16:43.773618+08
625,T01-SR-01-DISP,2026-09-26 19:00:07.7+08,160,150,运维-锁闭失败,2026-09-27 16:16:43.773618+08
626,T01-SR-01-DISP,2026-09-26 19:00:07.8+08,160,150,运维-锁闭失败,2026-09-27 16:16:43.773618+08
627,T01-SR-01-DISP,2026-09-26 19:00:07.9+08,160,150,运维-锁闭失败,2026-09-27 16:16:43.773618+08
628,T01-SR-01-DISP,2026-09-26 19:00:08+08,160,150,运维-锁闭失败,2026-09-27 16:16:43.773618+08
629,T01-SR-01-DISP,2026-09-26 19:00:08.1+08,160,150,运维-锁闭失败,2026-09-27 16:16:43.773618+08
630,T01-SR-01-DISP,2026-09-26 19:00:08.2+08,160,150,运维-锁闭失败,2026-09-27 16:16:43.773618+08
631,T01-SR-01-DISP,2026-09-26 19:00:08.3+08,160,150,运维-锁闭失败,2026-09-27 16:16:43.773618+08
632,T01-SR-01-DISP,2026-09-26 19:00:08.4+08,160,150,运维-锁闭失败,2026-09-27 16:16:43.773618+08
633,T01-SR-01-DISP,2026-09-26 19:00:08.5+08,160,150,运维-锁闭失败,2026-09-27 16:16:43.773618+08
634,T01-SR-01-DISP,2026-09-26 19:00:08.6+08,160,150,运维-锁闭失败,2026-09-27 16:16:43.773618+08
635,T01-SR-01-DISP,2026-09-26 19:00:08.7+08,160,150,运维-锁闭失败,2026-09-27 16:16:43.773618+08
636,T01-SR-01-DISP,2026-09-26 19:00:08.8+08,160,150,运维-锁闭失败,2026-09-27 16:16:43.773618+08
637,T01-SR-01-DISP,2026-09-26 19:00:08.9+08,160,150,运维-锁闭失败,2026-09-27 16:16:43.773618+08
638,T01-SR-01-DISP,2026-09-26 19:00:09+08,160,150,运维-锁闭失败,2026-09-27 16:16:43.773618+08
639,T01-SR-01-DISP,2026-09-26 19:00:09.1+08,160,150,运维-锁闭失败,2026-09-27 16:16:43.773618+08
640,T01-SR-01-DISP,2026-09-26 19:00:09.2+08,160,150,运维-锁闭失败,2026-09-27 16:16:43.773618+08
641,T01-SR-01-DISP,2026-09-26 19:00:09.3+08,160,150,运维-锁闭失败,2026-09-27 16:16:43.773618+08
642,T01-SR-01-DISP,2026-09-26 19:00:09.4+08,160,150,运维-锁闭失败,2026-09-27 16:16:43.773618+08
643,T01-SR-01-DISP,2026-09-26 19:00:09.5+08,160,150,运维-锁闭失败,2026-09-27 16:16:43.773618+08
644,T01-SR-01-DISP,2026-09-26 19:00:09.6+08,160,150,运维-锁闭失败,2026-09-27 16:16:43.773618+08
645,T01-SR-01-DISP,2026-09-26 19:00:09.7+08,160,150,运维-锁闭失败,2026-09-27 16:16:43.773618+08
646,T01-SR-01-DISP,2026-09-26 19:00:09.8+08,160,150,运维-锁闭失败,2026-09-27 16:16:43.773618+08
647,T01-SR-01-DISP,2026-09-26 19:00:09.9+08,160,150,运维-锁闭失败,2026-09-27 16:16:43.773618+08
648,T01-SR-01-DISP,2026-09-26 20:00:05.1+08,150.28,150,运维-正常转换,2026-09-27 16:16:43.830582+08
649,T01-SR-01-DISP,2026-09-26 20:00:05.2+08,152.23,150,运维-正常转换,2026-09-27 16:16:43.830582+08
650,T01-SR-01-DISP,2026-09-26 20:00:05.3+08,153.97,150,运维-正常转换,2026-09-27 16:16:43.830582+08
651,T01-SR-01-DISP,2026-09-26 20:00:05.4+08,155.52,150,运维-正常转换,2026-09-27 16:16:43.830582+08
652,T01-SR-01-DISP,2026-09-26 20:00:05.5+08,156.85,150,运维-正常转换,2026-09-27 16:16:43.830582+08
653,T01-SR-01-DISP,2026-09-26 20:00:05.6+08,157.96,150,运维-正常转换,2026-09-27 16:16:43.830582+08
654,T01-SR-01-DISP,2026-09-26 20:00:05.7+08,158.84,150,运维-正常转换,2026-09-27 16:16:43.830582+08
655,T01-SR-01-DISP,2026-09-26 20:00:05.8+08,159.48,150,运维-正常转换,2026-09-27 16:16:43.830582+08
656,T01-SR-01-DISP,2026-09-26 20:00:05.9+08,159.87,150,运维-正常转换,2026-09-27 16:16:43.830582+08
657,T01-SR-01-DISP,2026-09-26 20:00:06+08,160,150,运维-正常转换,2026-09-27 16:16:43.830582+08
658,T01-SR-01-DISP,2026-09-26 20:00:06.1+08,160,150,运维-正常转换,2026-09-27 16:16:43.830582+08
659,T01-SR-01-DISP,2026-09-26 20:00:06.2+08,160,150,运维-正常转换,2026-09-27 16:16:43.830582+08
660,T01-SR-01-DISP,2026-09-26 20:00:06.3+08,160,150,运维-正常转换,2026-09-27 16:16:43.830582+08
661,T01-SR-01-DISP,2026-09-26 20:00:06.4+08,160,150,运维-正常转换,2026-09-27 16:16:43.830582+08
662,T01-SR-01-DISP,2026-09-26 20:00:06.5+08,160,150,运维-正常转换,2026-09-27 16:16:43.830582+08
663,T01-SR-01-DISP,2026-09-26 20:00:06.6+08,160,150,运维-正常转换,2026-09-27 16:16:43.830582+08
664,T01-SR-01-DISP,2026-09-26 20:00:06.7+08,160,150,运维-正常转换,2026-09-27 16:16:43.830582+08
665,T01-SR-01-DISP,2026-09-26 20:00:06.8+08,160,150,运维-正常转换,2026-09-27 16:16:43.830582+08
666,T01-SR-01-DISP,2026-09-26 20:00:06.9+08,160,150,运维-正常转换,2026-09-27 16:16:43.830582+08
667,T01-SR-01-DISP,2026-09-26 20:00:07+08,160,150,运维-正常转换,2026-09-27 16:16:43.830582+08
668,T01-SR-01-DISP,2026-09-26 20:00:07.1+08,160,150,运维-正常转换,2026-09-27 16:16:43.830582+08
669,T01-SR-01-DISP,2026-09-26 20:00:07.2+08,160,150,运维-正常转换,2026-09-27 16:16:43.830582+08
670,T01-SR-01-DISP,2026-09-26 20:00:07.3+08,160,150,运维-正常转换,2026-09-27 16:16:43.830582+08
671,T01-SR-01-DISP,2026-09-26 20:00:07.4+08,160,150,运维-正常转换,2026-09-27 16:16:43.830582+08
672,T01-SR-01-DISP,2026-09-26 20:00:07.5+08,160,150,运维-正常转换,2026-09-27 16:16:43.830582+08
673,T01-SR-01-DISP,2026-09-26 20:00:07.6+08,160,150,运维-正常转换,2026-09-27 16:16:43.830582+08
674,T01-SR-01-DISP,2026-09-26 20:00:07.7+08,160,150,运维-正常转换,2026-09-27 16:16:43.830582+08
675,T01-SR-01-DISP,2026-09-26 20:00:07.8+08,160,150,运维-正常转换,2026-09-27 16:16:43.830582+08
676,T01-SR-01-DISP,2026-09-26 20:00:07.9+08,160,150,运维-正常转换,2026-09-27 16:16:43.830582+08
677,T01-SR-01-DISP,2026-09-26 20:00:08+08,160,150,运维-正常转换,2026-09-27 16:16:43.830582+08
678,T01-SR-01-DISP,2026-09-26 20:00:08.1+08,160,150,运维-正常转换,2026-09-27 16:16:43.830582+08
679,T01-SR-01-DISP,2026-09-26 20:00:08.2+08,160,150,运维-正常转换,2026-09-27 16:16:43.830582+08
680,T01-SR-01-DISP,2026-09-26 20:00:08.3+08,160,150,运维-正常转换,2026-09-27 16:16:43.830582+08
681,T01-SR-01-DISP,2026-09-26 20:00:08.4+08,160,150,运维-正常转换,2026-09-27 16:16:43.830582+08
682,T01-SR-01-DISP,2026-09-26 20:00:08.5+08,160,150,运维-正常转换,2026-09-27 16:16:43.830582+08
683,T01-SR-01-DISP,2026-09-26 20:00:08.6+08,160,150,运维-正常转换,2026-09-27 16:16:43.830582+08
684,T01-SR-01-DISP,2026-09-26 20:00:08.7+08,160,150,运维-正常转换,2026-09-27 16:16:43.830582+08
685,T01-SR-01-DISP,2026-09-26 20:00:08.8+08,160,150,运维-正常转换,2026-09-27 16:16:43.830582+08
686,T01-SR-01-DISP,2026-09-26 20:00:08.9+08,160,150,运维-正常转换,2026-09-27 16:16:43.830582+08
687,T01-SR-01-DISP,2026-09-26 20:00:09+08,160,150,运维-正常转换,2026-09-27 16:16:43.830582+08
688,T01-SR-01-DISP,2026-09-26 20:00:09.1+08,160,150,运维-正常转换,2026-09-27 16:16:43.830582+08
689,T01-SR-01-DISP,2026-09-26 20:00:09.2+08,160,150,运维-正常转换,2026-09-27 16:16:43.830582+08
690,T01-SR-01-DISP,2026-09-26 20:00:09.3+08,160,150,运维-正常转换,2026-09-27 16:16:43.830582+08
691,T01-SR-01-DISP,2026-09-26 20:00:09.4+08,160,150,运维-正常转换,2026-09-27 16:16:43.830582+08
692,T01-SR-01-DISP,2026-09-26 20:00:09.5+08,160,150,运维-正常转换,2026-09-27 16:16:43.830582+08
693,T01-SR-01-DISP,2026-09-26 20:00:09.6+08,160,150,运维-正常转换,2026-09-27 16:16:43.830582+08
694,T01-SR-01-DISP,2026-09-26 20:00:09.7+08,160,150,运维-正常转换,2026-09-27 16:16:43.830582+08
695,T01-SR-01-DISP,2026-09-26 20:00:09.8+08,160,150,运维-正常转换,2026-09-27 16:16:43.830582+08
696,T01-SR-01-DISP,2026-09-26 20:00:09.9+08,160,150,运维-正常转换,2026-09-27 16:16:43.830582+08
