point_code,value,ts,alarm,updated_at
T01-BR-01-TEMP,23.45,2026-09-26 00:00:07.3+08,f,2026-09-29 12:00:05.497652+08
T01-FR-01-VIB,0.12,2026-09-26 00:00:07.3+08,f,2026-09-29 12:00:05.497652+08
T01-FR-01-WEAR,0.107,2026-09-26 00:00:07.3+08,f,2026-09-29 12:00:05.497652+08
T01-FR-01-WRF-L,0,2026-09-26 00:00:07.3+08,f,2026-09-29 12:00:05.497652+08
T01-FR-01-WRF-V,2.17,2026-09-26 00:00:07.3+08,f,2026-09-29 12:00:05.497652+08
T01-GR-01-DISP,0.07,2026-09-26 00:00:07.3+08,f,2026-09-29 12:00:05.497652+08
T01-PR-01-DISP,52.25,2026-09-26 00:00:07.3+08,f,2026-09-29 12:00:05.497652+08
T01-PR-01-FORCE,28,2026-09-26 00:00:07.3+08,f,2026-09-29 12:00:05.497652+08
T01-PR-02-DISP,48.68,2026-09-26 00:00:07.3+08,f,2026-09-29 12:00:05.497652+08
T01-PR-02-FORCE,26,2026-09-26 00:00:07.3+08,f,2026-09-29 12:00:05.497652+08
T01-SM-01-CURR,0,2026-09-26 00:00:07.3+08,f,2026-09-29 12:00:05.497652+08
T01-SM-01-LOCK,0,2026-09-26 00:00:07.3+08,f,2026-09-29 12:00:05.497652+08
T01-SM-01-POWER,0,2026-09-26 00:00:07.3+08,f,2026-09-29 12:00:05.497652+08
T01-SR-01-CLOSE,0,2026-09-26 00:00:07.3+08,f,2026-09-29 12:00:05.497652+08
T01-SR-01-DISP,88,2026-09-26 00:00:07.3+08,f,2026-09-29 12:00:05.497652+08
T01-SR-01-FORCE,40,2026-09-26 00:00:07.3+08,f,2026-09-29 12:00:05.497652+08
T01-SR-02-DISP,84.24,2026-09-26 00:00:07.3+08,f,2026-09-29 12:00:05.497652+08
T01-SR-02-FORCE,36.8,2026-09-26 00:00:07.3+08,f,2026-09-29 12:00:05.497652+08
T01-SR-03-DISP,80.48,2026-09-26 00:00:07.3+08,f,2026-09-29 12:00:05.497652+08
T01-SR-03-FORCE,34,2026-09-26 00:00:07.3+08,f,2026-09-29 12:00:05.497652+08
