work_order_id,point_code,status,remark
WO-2024-001,T01-SR-01-DISP,reserved,
WO-2024-002,T01-SR-02-DISP,reserved,
WO-2024-003,T01-SR-03-DISP,reserved,
WO-2024-004,T01-SR-01-FORCE,reserved,
WO-2024-005,T01-SR-02-FORCE,reserved,
WO-2024-006,T01-SR-03-FORCE,reserved,
WO-2024-007,T01-PR-01-DISP,reserved,
WO-2024-008,T01-PR-02-DISP,reserved,
WO-2024-009,T01-PR-01-FORCE,reserved,
WO-2024-010,T01-PR-02-FORCE,reserved,
WO-2024-011,T01-SM-01-CURR,reserved,
WO-2024-012,T01-SM-01-POWER,reserved,
WO-2024-013,T01-FR-01-VIB,reserved,
WO-2024-014,T01-FR-01-WEAR,reserved,
WO-2024-015,T01-GR-01-DISP,reserved,
WO-2024-016,T01-BR-01-TEMP,reserved,
WO-2024-017,T01-FR-01-WRF-L,reserved,
WO-2024-018,T01-FR-01-WRF-V,reserved,
WO-2024-019,T01-SM-01-LOCK,reserved,
WO-2024-020,T01-SR-01-CLOSE,reserved,
WO-2026-001,T01-SM-01-LOCK,resolved,自动生成：未锁闭且未密贴（维修完成闭环）
WO-2026-002,T01-SR-01-DISP,resolved,自动生成：转换中断（维修完成闭环）
WO-2026-003,T01-SM-01-CURR,resolved,自动生成：转辙机过流（维修完成闭环）
WO-2026-004,T01-SR-01-CLOSE,closed,自动生成：密贴不良（已复核：转换过渡态误报，规则修正前生成）
WO-2026-005,T01-SR-01-DISP,closed,自动生成：尖轨位移超限（已复核：转换过渡态误报，规则修正前生成）
WO-2026-006,T01-SM-01-LOCK,closed,自动生成：锁闭失败（已复核：转换过渡态误报，规则修正前生成）
WO-2026-007,T01-SM-01-LOCK,resolved,自动生成：锁闭失败（维修完成闭环）
WO-2026-008,T01-SR-01-CLOSE,resolved,自动生成：密贴不良/到位不足（维修完成闭环）
WO-2026-009,T01-SM-01-CURR,resolved,自动生成：转辙机过流（维修完成闭环）
WO-2026-010,T01-SR-01-DISP,resolved,自动生成：转换中断（维修完成闭环）
WO-2026-011,T01-SM-01-LOCK,resolved,自动生成：未锁闭且未密贴（维修完成闭环）
WO-2026-012,T01-SM-01-LOCK,resolved,自动生成：锁闭失败（维修完成闭环）
WO-2026-013,T01-SM-01-CURR,resolved,自动生成：转辙机过流（维修完成闭环）
WO-2026-014,T01-SR-01-DISP,resolved,自动生成：转换中断（维修完成闭环）
WO-2026-015,T01-SM-01-LOCK,resolved,自动生成：未锁闭且未密贴（维修完成闭环）
WO-2026-016,T01-SR-01-CLOSE,resolved,自动生成：密贴不良/到位不足（维修完成闭环）
WO-2026-017,T01-SR-01-CLOSE,resolved,自动生成：密贴不良/到位不足（维修完成闭环）
WO-2026-018,T01-SM-01-CURR,resolved,自动生成：转辙机过流（维修完成闭环）
WO-2026-019,T01-SR-01-DISP,resolved,自动生成：转换中断（维修完成闭环）
WO-2026-020,T01-SM-01-LOCK,resolved,自动生成：未锁闭且未密贴（维修完成闭环）
WO-2026-021,T01-SM-01-LOCK,resolved,自动生成：未锁闭且未密贴（维修完成闭环）
WO-2026-022,T01-SM-01-CURR,resolved,自动生成：转辙机过流（维修完成闭环）
WO-2026-023,T01-SR-01-DISP,resolved,自动生成：转换中断（维修完成闭环）
WO-2026-024,T01-SM-01-LOCK,resolved,自动生成：未锁闭且未密贴（维修完成闭环）
WO-2026-025,T01-SM-01-LOCK,resolved,自动生成：锁闭失败（维修完成闭环）
