ts,point_code,value,source
2026-09-26 00:00:00+08,T01-PR-01-DISP,0,fake
2026-09-26 00:00:00.1+08,T01-PR-01-DISP,0,fake
2026-09-26 00:00:00.2+08,T01-PR-01-DISP,0,fake
2026-09-26 00:00:00.3+08,T01-PR-01-DISP,0,fake
2026-09-26 00:00:00.4+08,T01-PR-01-DISP,0,fake
2026-09-26 00:00:00.5+08,T01-PR-01-DISP,0,fake
2026-09-26 00:00:00.6+08,T01-PR-01-DISP,0.08,fake
2026-09-26 00:00:00.7+08,T01-PR-01-DISP,0.31,fake
2026-09-26 00:00:00.8+08,T01-PR-01-DISP,0.69,fake
2026-09-26 00:00:00.9+08,T01-PR-01-DISP,1.21,fake
2026-09-26 00:00:01+08,T01-PR-01-DISP,1.87,fake
2026-09-26 00:00:01.1+08,T01-PR-01-DISP,2.66,fake
2026-09-26 00:00:01.2+08,T01-PR-01-DISP,3.58,fake
2026-09-26 00:00:01.3+08,T01-PR-01-DISP,4.62,fake
2026-09-26 00:00:01.4+08,T01-PR-01-DISP,5.77,fake
2026-09-26 00:00:01.5+08,T01-PR-01-DISP,7.04,fake
2026-09-26 00:00:01.6+08,T01-PR-01-DISP,8.41,fake
2026-09-26 00:00:01.7+08,T01-PR-01-DISP,9.88,fake
2026-09-26 00:00:01.8+08,T01-PR-01-DISP,11.45,fake
2026-09-26 00:00:01.9+08,T01-PR-01-DISP,13.1,fake
2026-09-26 00:00:02+08,T01-PR-01-DISP,14.84,fake
2026-09-26 00:00:02.1+08,T01-PR-01-DISP,16.66,fake
2026-09-26 00:00:02.2+08,T01-PR-01-DISP,18.56,fake
2026-09-26 00:00:02.3+08,T01-PR-01-DISP,20.52,fake
2026-09-26 00:00:02.4+08,T01-PR-01-DISP,22.55,fake
2026-09-26 00:00:02.5+08,T01-PR-01-DISP,24.63,fake
2026-09-26 00:00:02.6+08,T01-PR-01-DISP,26.77,fake
2026-09-26 00:00:02.7+08,T01-PR-01-DISP,28.95,fake
2026-09-26 00:00:02.8+08,T01-PR-01-DISP,31.18,fake
2026-09-26 00:00:02.9+08,T01-PR-01-DISP,33.44,fake
2026-09-26 00:00:03+08,T01-PR-01-DISP,35.73,fake
2026-09-26 00:00:03.1+08,T01-PR-01-DISP,38.06,fake
2026-09-26 00:00:03.2+08,T01-PR-01-DISP,40.4,fake
2026-09-26 00:00:03.3+08,T01-PR-01-DISP,42.76,fake
2026-09-26 00:00:03.4+08,T01-PR-01-DISP,45.13,fake
2026-09-26 00:00:03.5+08,T01-PR-01-DISP,47.5,fake
2026-09-26 00:00:03.6+08,T01-PR-01-DISP,49.87,fake
2026-09-26 00:00:03.7+08,T01-PR-01-DISP,52.24,fake
2026-09-26 00:00:03.8+08,T01-PR-01-DISP,54.6,fake
2026-09-26 00:00:03.9+08,T01-PR-01-DISP,56.94,fake
2026-09-26 00:00:04+08,T01-PR-01-DISP,59.27,fake
2026-09-26 00:00:04.1+08,T01-PR-01-DISP,61.56,fake
2026-09-26 00:00:04.2+08,T01-PR-01-DISP,63.82,fake
2026-09-26 00:00:04.3+08,T01-PR-01-DISP,66.05,fake
2026-09-26 00:00:04.4+08,T01-PR-01-DISP,68.23,fake
2026-09-26 00:00:04.5+08,T01-PR-01-DISP,70.37,fake
2026-09-26 00:00:04.6+08,T01-PR-01-DISP,72.45,fake
2026-09-26 00:00:04.7+08,T01-PR-01-DISP,74.48,fake
2026-09-26 00:00:04.8+08,T01-PR-01-DISP,76.44,fake
2026-09-26 00:00:04.9+08,T01-PR-01-DISP,78.34,fake
2026-09-26 00:00:05+08,T01-PR-01-DISP,80.16,fake
2026-09-26 00:00:05.1+08,T01-PR-01-DISP,81.9,fake
2026-09-26 00:00:05.2+08,T01-PR-01-DISP,83.55,fake
2026-09-26 00:00:05.3+08,T01-PR-01-DISP,85.12,fake
2026-09-26 00:00:05.4+08,T01-PR-01-DISP,86.59,fake
2026-09-26 00:00:05.5+08,T01-PR-01-DISP,87.96,fake
2026-09-26 00:00:05.6+08,T01-PR-01-DISP,89.23,fake
2026-09-26 00:00:05.7+08,T01-PR-01-DISP,90.38,fake
2026-09-26 00:00:05.8+08,T01-PR-01-DISP,91.42,fake
2026-09-26 00:00:05.9+08,T01-PR-01-DISP,92.34,fake
2026-09-26 00:00:06+08,T01-PR-01-DISP,93.13,fake
2026-09-26 00:00:06.1+08,T01-PR-01-DISP,93.79,fake
2026-09-26 00:00:06.2+08,T01-PR-01-DISP,94.31,fake
2026-09-26 00:00:06.3+08,T01-PR-01-DISP,94.69,fake
2026-09-26 00:00:06.4+08,T01-PR-01-DISP,94.92,fake
2026-09-26 00:00:06.5+08,T01-PR-01-DISP,95,fake
2026-09-26 00:00:06.6+08,T01-PR-01-DISP,95,fake
2026-09-26 00:00:06.7+08,T01-PR-01-DISP,95,fake
2026-09-26 00:00:06.8+08,T01-PR-01-DISP,95,fake
2026-09-26 00:00:06.9+08,T01-PR-01-DISP,95,fake
2026-09-26 00:00:07+08,T01-PR-01-DISP,95,fake
2026-09-26 00:00:07.1+08,T01-PR-01-DISP,95,fake
2026-09-26 00:00:07.2+08,T01-PR-01-DISP,95,fake
2026-09-26 00:00:07.3+08,T01-PR-01-DISP,95,fake
2026-09-26 00:00:07.4+08,T01-PR-01-DISP,95,fake
2026-09-26 00:00:07.5+08,T01-PR-01-DISP,95,fake
2026-09-26 00:00:07.6+08,T01-PR-01-DISP,95,fake
2026-09-26 00:00:07.7+08,T01-PR-01-DISP,95,fake
2026-09-26 00:00:07.8+08,T01-PR-01-DISP,95,fake
2026-09-26 00:00:07.9+08,T01-PR-01-DISP,95,fake
2026-09-26 00:00:00+08,T01-SR-01-DISP,0,fake
2026-09-26 00:00:00.1+08,T01-SR-01-DISP,0.13,fake
2026-09-26 00:00:00.2+08,T01-SR-01-DISP,0.52,fake
2026-09-26 00:00:00.3+08,T01-SR-01-DISP,1.16,fake
2026-09-26 00:00:00.4+08,T01-SR-01-DISP,2.04,fake
2026-09-26 00:00:00.5+08,T01-SR-01-DISP,3.15,fake
2026-09-26 00:00:00.6+08,T01-SR-01-DISP,4.48,fake
2026-09-26 00:00:00.7+08,T01-SR-01-DISP,6.03,fake
2026-09-26 00:00:00.8+08,T01-SR-01-DISP,7.77,fake
2026-09-26 00:00:00.9+08,T01-SR-01-DISP,9.72,fake
2026-09-26 00:00:01+08,T01-SR-01-DISP,11.85,fake
2026-09-26 00:00:01.1+08,T01-SR-01-DISP,14.16,fake
2026-09-26 00:00:01.2+08,T01-SR-01-DISP,16.64,fake
2026-09-26 00:00:01.3+08,T01-SR-01-DISP,19.28,fake
2026-09-26 00:00:01.4+08,T01-SR-01-DISP,22.07,fake
2026-09-26 00:00:01.5+08,T01-SR-01-DISP,25,fake
2026-09-26 00:00:01.6+08,T01-SR-01-DISP,28.07,fake
2026-09-26 00:00:01.7+08,T01-SR-01-DISP,31.25,fake
2026-09-26 00:00:01.8+08,T01-SR-01-DISP,34.56,fake
2026-09-26 00:00:01.9+08,T01-SR-01-DISP,37.97,fake
2026-09-26 00:00:02+08,T01-SR-01-DISP,41.48,fake
2026-09-26 00:00:02.1+08,T01-SR-01-DISP,45.08,fake
2026-09-26 00:00:02.2+08,T01-SR-01-DISP,48.76,fake
2026-09-26 00:00:02.3+08,T01-SR-01-DISP,52.51,fake
2026-09-26 00:00:02.4+08,T01-SR-01-DISP,56.32,fake
2026-09-26 00:00:02.5+08,T01-SR-01-DISP,60.19,fake
2026-09-26 00:00:02.6+08,T01-SR-01-DISP,64.09,fake
2026-09-26 00:00:02.7+08,T01-SR-01-DISP,68.04,fake
2026-09-26 00:00:02.8+08,T01-SR-01-DISP,72.01,fake
2026-09-26 00:00:02.9+08,T01-SR-01-DISP,76,fake
2026-09-26 00:00:03+08,T01-SR-01-DISP,80,fake
2026-09-26 00:00:03.1+08,T01-SR-01-DISP,84,fake
2026-09-26 00:00:03.2+08,T01-SR-01-DISP,87.99,fake
2026-09-26 00:00:03.3+08,T01-SR-01-DISP,91.96,fake
2026-09-26 00:00:03.4+08,T01-SR-01-DISP,95.91,fake
2026-09-26 00:00:03.5+08,T01-SR-01-DISP,99.81,fake
2026-09-26 00:00:03.6+08,T01-SR-01-DISP,103.68,fake
2026-09-26 00:00:03.7+08,T01-SR-01-DISP,107.49,fake
2026-09-26 00:00:03.8+08,T01-SR-01-DISP,111.24,fake
2026-09-26 00:00:03.9+08,T01-SR-01-DISP,114.92,fake
2026-09-26 00:00:04+08,T01-SR-01-DISP,118.52,fake
2026-09-26 00:00:04.1+08,T01-SR-01-DISP,122.03,fake
2026-09-26 00:00:04.2+08,T01-SR-01-DISP,125.44,fake
2026-09-26 00:00:04.3+08,T01-SR-01-DISP,128.75,fake
2026-09-26 00:00:04.4+08,T01-SR-01-DISP,131.93,fake
2026-09-26 00:00:04.5+08,T01-SR-01-DISP,135,fake
2026-09-26 00:00:04.6+08,T01-SR-01-DISP,137.93,fake
2026-09-26 00:00:04.7+08,T01-SR-01-DISP,140.72,fake
2026-09-26 00:00:04.8+08,T01-SR-01-DISP,143.36,fake
2026-09-26 00:00:04.9+08,T01-SR-01-DISP,145.84,fake
2026-09-26 00:00:05+08,T01-SR-01-DISP,148.15,fake
2026-09-26 00:00:05.1+08,T01-SR-01-DISP,150.28,fake
2026-09-26 00:00:05.2+08,T01-SR-01-DISP,152.23,fake
2026-09-26 00:00:05.3+08,T01-SR-01-DISP,153.97,fake
2026-09-26 00:00:05.4+08,T01-SR-01-DISP,155.52,fake
2026-09-26 00:00:05.5+08,T01-SR-01-DISP,156.85,fake
2026-09-26 00:00:05.6+08,T01-SR-01-DISP,157.96,fake
2026-09-26 00:00:05.7+08,T01-SR-01-DISP,158.84,fake
2026-09-26 00:00:05.8+08,T01-SR-01-DISP,159.48,fake
2026-09-26 00:00:05.9+08,T01-SR-01-DISP,159.87,fake
2026-09-26 00:00:06+08,T01-SR-01-DISP,160,fake
2026-09-26 00:00:06.1+08,T01-SR-01-DISP,160,fake
2026-09-26 00:00:06.2+08,T01-SR-01-DISP,160,fake
2026-09-26 00:00:06.3+08,T01-SR-01-DISP,160,fake
2026-09-26 00:00:06.4+08,T01-SR-01-DISP,160,fake
2026-09-26 00:00:06.5+08,T01-SR-01-DISP,160,fake
2026-09-26 00:00:06.6+08,T01-SR-01-DISP,160,fake
2026-09-26 00:00:06.7+08,T01-SR-01-DISP,160,fake
2026-09-26 00:00:06.8+08,T01-SR-01-DISP,160,fake
2026-09-26 00:00:06.9+08,T01-SR-01-DISP,160,fake
2026-09-26 00:00:07+08,T01-SR-01-DISP,160,fake
2026-09-26 00:00:07.1+08,T01-SR-01-DISP,160,fake
2026-09-26 00:00:07.2+08,T01-SR-01-DISP,160,fake
2026-09-26 00:00:07.3+08,T01-SR-01-DISP,160,fake
2026-09-26 00:00:07.4+08,T01-SR-01-DISP,160,fake
2026-09-26 00:00:07.5+08,T01-SR-01-DISP,160,fake
2026-09-26 00:00:07.6+08,T01-SR-01-DISP,160,fake
2026-09-26 00:00:07.7+08,T01-SR-01-DISP,160,fake
2026-09-26 00:00:07.8+08,T01-SR-01-DISP,160,fake
2026-09-26 00:00:07.9+08,T01-SR-01-DISP,160,fake
