point_code,component_code,point_type,sensor_id,field_name,node_name,unit,alarm_threshold,remark
T01-BR-01-TEMP,T01-BR-01,TEMP,SEN-016,railTemperature,RailTemp,℃,,
T01-FR-01-VIB,T01-FR-01,VIB,SEN-013,frogVibration,Frog,m/s²,,
T01-FR-01-WEAR,T01-FR-01,WEAR,SEN-014,frogWear,Frog_Wear,mm,,
T01-FR-01-WRF-L,T01-FR-01,WRF-L,SEN-017,wheelRailForceLateral,WheelRailForce_L,kN,,
T01-FR-01-WRF-V,T01-FR-01,WRF-V,SEN-018,wheelRailForceVertical,WheelRailForce_V,kN,,
T01-GR-01-DISP,T01-GR-01,DISP,SEN-015,guardRailDisp,GuardRail,mm,,
T01-PR-01-DISP,T01-PR-01,DISP,SEN-007,pointRailDisp1,PointRail,mm,100,
T01-PR-01-FORCE,T01-PR-01,FORCE,SEN-009,pointRailForce1,PointRail_1_FORCE,N,,
T01-PR-02-DISP,T01-PR-02,DISP,SEN-008,pointRailDisp2,PointRail_2,mm,,
T01-PR-02-FORCE,T01-PR-02,FORCE,SEN-010,pointRailForce2,PointRail_2_FORCE,N,,
T01-SM-01-CURR,T01-SM-01,CURR,SEN-011,switchMachineCurrent,SwitchMachine,A,,
T01-SM-01-LOCK,T01-SM-01,LOCK,SEN-019,lockStatus,LockStatus,0/1,,
T01-SM-01-POWER,T01-SM-01,POWER,SEN-012,switchMachinePower,SwitchMachine_Power,W,,
T01-SR-01-CLOSE,T01-SR-01,CLOSE,SEN-020,closeStatus,CloseStatus,0/1,,
T01-SR-01-DISP,T01-SR-01,DISP,SEN-001,switchRailDisp1,SwitchRail,mm,150,
T01-SR-01-FORCE,T01-SR-01,FORCE,SEN-004,switchRailForce1,SwitchRail_1_FORCE,N,,
T01-SR-02-DISP,T01-SR-02,DISP,SEN-002,switchRailDisp2,SwitchRail_2,mm,,
T01-SR-02-FORCE,T01-SR-02,FORCE,SEN-005,switchRailForce2,SwitchRail_2_FORCE,N,,
T01-SR-03-DISP,T01-SR-03,DISP,SEN-003,switchRailDisp3,SwitchRail_3,mm,,
T01-SR-03-FORCE,T01-SR-03,FORCE,SEN-006,switchRailForce3,SwitchRail_3_FORCE,N,,
