point_code,rows_total,ts_first,ts_last,gaps
T01-BR-01-TEMP,1700,00:00:00,20:00:09,16
T01-FR-01-VIB,1700,00:00:00,20:00:09,16
T01-FR-01-WEAR,1700,00:00:00,20:00:09,16
T01-FR-01-WRF-L,1700,00:00:00,20:00:09,16
T01-FR-01-WRF-V,1700,00:00:00,20:00:09,16
T01-GR-01-DISP,1700,00:00:00,20:00:09,16
T01-PR-01-DISP,1700,00:00:00,20:00:09,16
T01-PR-01-FORCE,1700,00:00:00,20:00:09,16
T01-PR-02-DISP,1700,00:00:00,20:00:09,16
T01-PR-02-FORCE,1700,00:00:00,20:00:09,16
T01-SM-01-CURR,1700,00:00:00,20:00:09,16
T01-SM-01-LOCK,1700,00:00:00,20:00:09,16
T01-SM-01-POWER,1700,00:00:00,20:00:09,16
T01-SR-01-CLOSE,1700,00:00:00,20:00:09,16
T01-SR-01-DISP,1700,00:00:00,20:00:09,16
T01-SR-01-FORCE,1700,00:00:00,20:00:09,16
T01-SR-02-DISP,1700,00:00:00,20:00:09,16
T01-SR-02-FORCE,1700,00:00:00,20:00:09,16
T01-SR-03-DISP,1700,00:00:00,20:00:09,16
T01-SR-03-FORCE,1700,00:00:00,20:00:09,16
