source,rows_total,points,ts_min,ts_max,avg_value,alarm_rows
fake,160,2,09-26 00:00,09-26 00:00,75.922,29
仿真-正常转换,1840,20,09-26 00:00,09-26 00:00,142.957,20
仿真-卡阻,2000,20,09-26 01:00,09-26 01:00,178.425,0
仿真-密贴不良,2000,20,09-26 02:00,09-26 02:00,135.729,44
仿真-锁闭失败,2000,20,09-26 03:00,09-26 03:00,138.750,49
运维-正常转换,20000,20,09-26 08:00,09-26 20:00,137.831,490
运维-卡阻,2000,20,09-26 11:00,09-26 11:00,179.032,0
运维-密贴不良,2000,20,09-26 16:00,09-26 16:00,135.946,44
运维-锁闭失败,2000,20,09-26 19:00,09-26 19:00,140.883,49
