point_code,field_name,ts,value,alarm_threshold,unit,source
T01-SR-01-DISP,switchRailDisp1,09-26 00:00:05,150.28,150,mm,fake
T01-SR-01-DISP,switchRailDisp1,09-26 00:00:05,152.23,150,mm,fake
T01-SR-01-DISP,switchRailDisp1,09-26 00:00:05,153.97,150,mm,fake
T01-SR-01-DISP,switchRailDisp1,09-26 00:00:05,155.52,150,mm,fake
T01-SR-01-DISP,switchRailDisp1,09-26 00:00:05,156.85,150,mm,fake
T01-SR-01-DISP,switchRailDisp1,09-26 00:00:05,157.96,150,mm,fake
T01-SR-01-DISP,switchRailDisp1,09-26 00:00:05,158.84,150,mm,fake
T01-SR-01-DISP,switchRailDisp1,09-26 00:00:05,159.48,150,mm,fake
T01-SR-01-DISP,switchRailDisp1,09-26 00:00:05,159.87,150,mm,fake
T01-SR-01-DISP,switchRailDisp1,09-26 00:00:06,160.00,150,mm,fake
T01-SR-01-DISP,switchRailDisp1,09-26 00:00:06,160.00,150,mm,fake
T01-SR-01-DISP,switchRailDisp1,09-26 00:00:06,160.00,150,mm,fake
T01-SR-01-DISP,switchRailDisp1,09-26 00:00:06,160.00,150,mm,fake
T01-SR-01-DISP,switchRailDisp1,09-26 00:00:06,160.00,150,mm,fake
T01-SR-01-DISP,switchRailDisp1,09-26 00:00:06,160.00,150,mm,fake
T01-SR-01-DISP,switchRailDisp1,09-26 00:00:06,160.00,150,mm,fake
T01-SR-01-DISP,switchRailDisp1,09-26 00:00:06,160.00,150,mm,fake
T01-SR-01-DISP,switchRailDisp1,09-26 00:00:06,160.00,150,mm,fake
T01-SR-01-DISP,switchRailDisp1,09-26 00:00:06,160.00,150,mm,fake
T01-SR-01-DISP,switchRailDisp1,09-26 00:00:07,160.00,150,mm,fake
T01-SR-01-DISP,switchRailDisp1,09-26 00:00:07,160.00,150,mm,fake
T01-SR-01-DISP,switchRailDisp1,09-26 00:00:07,160.00,150,mm,fake
T01-SR-01-DISP,switchRailDisp1,09-26 00:00:07,160.00,150,mm,fake
T01-SR-01-DISP,switchRailDisp1,09-26 00:00:07,160.00,150,mm,fake
T01-SR-01-DISP,switchRailDisp1,09-26 00:00:07,160.00,150,mm,fake
T01-SR-01-DISP,switchRailDisp1,09-26 00:00:07,160.00,150,mm,fake
T01-SR-01-DISP,switchRailDisp1,09-26 00:00:07,160.00,150,mm,fake
T01-SR-01-DISP,switchRailDisp1,09-26 00:00:07,160.00,150,mm,fake
T01-SR-01-DISP,switchRailDisp1,09-26 00:00:07,160.00,150,mm,fake
T01-SR-01-DISP,switchRailDisp1,09-26 00:00:08,160.00,150,mm,仿真-正常转换
T01-SR-01-DISP,switchRailDisp1,09-26 00:00:08,160.00,150,mm,仿真-正常转换
T01-SR-01-DISP,switchRailDisp1,09-26 00:00:08,160.00,150,mm,仿真-正常转换
T01-SR-01-DISP,switchRailDisp1,09-26 00:00:08,160.00,150,mm,仿真-正常转换
T01-SR-01-DISP,switchRailDisp1,09-26 00:00:08,160.00,150,mm,仿真-正常转换
T01-SR-01-DISP,switchRailDisp1,09-26 00:00:08,160.00,150,mm,仿真-正常转换
T01-SR-01-DISP,switchRailDisp1,09-26 00:00:08,160.00,150,mm,仿真-正常转换
T01-SR-01-DISP,switchRailDisp1,09-26 00:00:08,160.00,150,mm,仿真-正常转换
T01-SR-01-DISP,switchRailDisp1,09-26 00:00:08,160.00,150,mm,仿真-正常转换
T01-SR-01-DISP,switchRailDisp1,09-26 00:00:08,160.00,150,mm,仿真-正常转换
T01-SR-01-DISP,switchRailDisp1,09-26 00:00:09,160.00,150,mm,仿真-正常转换
T01-SR-01-DISP,switchRailDisp1,09-26 00:00:09,160.00,150,mm,仿真-正常转换
T01-SR-01-DISP,switchRailDisp1,09-26 00:00:09,160.00,150,mm,仿真-正常转换
T01-SR-01-DISP,switchRailDisp1,09-26 00:00:09,160.00,150,mm,仿真-正常转换
T01-SR-01-DISP,switchRailDisp1,09-26 00:00:09,160.00,150,mm,仿真-正常转换
T01-SR-01-DISP,switchRailDisp1,09-26 00:00:09,160.00,150,mm,仿真-正常转换
T01-SR-01-DISP,switchRailDisp1,09-26 00:00:09,160.00,150,mm,仿真-正常转换
T01-SR-01-DISP,switchRailDisp1,09-26 00:00:09,160.00,150,mm,仿真-正常转换
T01-SR-01-DISP,switchRailDisp1,09-26 00:00:09,160.00,150,mm,仿真-正常转换
T01-SR-01-DISP,switchRailDisp1,09-26 00:00:09,160.00,150,mm,仿真-正常转换
T01-SR-01-DISP,switchRailDisp1,09-26 02:00:05,150.06,150,mm,仿真-密贴不良
T01-SR-01-DISP,switchRailDisp1,09-26 02:00:05,150.90,150,mm,仿真-密贴不良
T01-SR-01-DISP,switchRailDisp1,09-26 02:00:05,151.50,150,mm,仿真-密贴不良
T01-SR-01-DISP,switchRailDisp1,09-26 02:00:05,151.87,150,mm,仿真-密贴不良
T01-SR-01-DISP,switchRailDisp1,09-26 02:00:06,152.00,150,mm,仿真-密贴不良
T01-SR-01-DISP,switchRailDisp1,09-26 02:00:06,152.00,150,mm,仿真-密贴不良
T01-SR-01-DISP,switchRailDisp1,09-26 02:00:06,152.00,150,mm,仿真-密贴不良
T01-SR-01-DISP,switchRailDisp1,09-26 02:00:06,152.00,150,mm,仿真-密贴不良
T01-SR-01-DISP,switchRailDisp1,09-26 02:00:06,152.00,150,mm,仿真-密贴不良
T01-SR-01-DISP,switchRailDisp1,09-26 02:00:06,152.00,150,mm,仿真-密贴不良
T01-SR-01-DISP,switchRailDisp1,09-26 02:00:06,152.00,150,mm,仿真-密贴不良
T01-SR-01-DISP,switchRailDisp1,09-26 02:00:06,152.00,150,mm,仿真-密贴不良
T01-SR-01-DISP,switchRailDisp1,09-26 02:00:06,152.00,150,mm,仿真-密贴不良
T01-SR-01-DISP,switchRailDisp1,09-26 02:00:06,152.00,150,mm,仿真-密贴不良
T01-SR-01-DISP,switchRailDisp1,09-26 02:00:07,152.00,150,mm,仿真-密贴不良
T01-SR-01-DISP,switchRailDisp1,09-26 02:00:07,152.00,150,mm,仿真-密贴不良
T01-SR-01-DISP,switchRailDisp1,09-26 02:00:07,152.00,150,mm,仿真-密贴不良
T01-SR-01-DISP,switchRailDisp1,09-26 02:00:07,152.00,150,mm,仿真-密贴不良
T01-SR-01-DISP,switchRailDisp1,09-26 02:00:07,152.00,150,mm,仿真-密贴不良
T01-SR-01-DISP,switchRailDisp1,09-26 02:00:07,152.00,150,mm,仿真-密贴不良
T01-SR-01-DISP,switchRailDisp1,09-26 02:00:07,152.00,150,mm,仿真-密贴不良
T01-SR-01-DISP,switchRailDisp1,09-26 02:00:07,152.00,150,mm,仿真-密贴不良
T01-SR-01-DISP,switchRailDisp1,09-26 02:00:07,152.00,150,mm,仿真-密贴不良
T01-SR-01-DISP,switchRailDisp1,09-26 02:00:07,152.00,150,mm,仿真-密贴不良
T01-SR-01-DISP,switchRailDisp1,09-26 02:00:08,152.00,150,mm,仿真-密贴不良
T01-SR-01-DISP,switchRailDisp1,09-26 02:00:08,152.00,150,mm,仿真-密贴不良
T01-SR-01-DISP,switchRailDisp1,09-26 02:00:08,152.00,150,mm,仿真-密贴不良
T01-SR-01-DISP,switchRailDisp1,09-26 02:00:08,152.00,150,mm,仿真-密贴不良
T01-SR-01-DISP,switchRailDisp1,09-26 02:00:08,152.00,150,mm,仿真-密贴不良
T01-SR-01-DISP,switchRailDisp1,09-26 02:00:08,152.00,150,mm,仿真-密贴不良
T01-SR-01-DISP,switchRailDisp1,09-26 02:00:08,152.00,150,mm,仿真-密贴不良
T01-SR-01-DISP,switchRailDisp1,09-26 02:00:08,152.00,150,mm,仿真-密贴不良
T01-SR-01-DISP,switchRailDisp1,09-26 02:00:08,152.00,150,mm,仿真-密贴不良
T01-SR-01-DISP,switchRailDisp1,09-26 02:00:08,152.00,150,mm,仿真-密贴不良
T01-SR-01-DISP,switchRailDisp1,09-26 02:00:09,152.00,150,mm,仿真-密贴不良
T01-SR-01-DISP,switchRailDisp1,09-26 02:00:09,152.00,150,mm,仿真-密贴不良
T01-SR-01-DISP,switchRailDisp1,09-26 02:00:09,152.00,150,mm,仿真-密贴不良
T01-SR-01-DISP,switchRailDisp1,09-26 02:00:09,152.00,150,mm,仿真-密贴不良
T01-SR-01-DISP,switchRailDisp1,09-26 02:00:09,152.00,150,mm,仿真-密贴不良
T01-SR-01-DISP,switchRailDisp1,09-26 02:00:09,152.00,150,mm,仿真-密贴不良
T01-SR-01-DISP,switchRailDisp1,09-26 02:00:09,152.00,150,mm,仿真-密贴不良
T01-SR-01-DISP,switchRailDisp1,09-26 02:00:09,152.00,150,mm,仿真-密贴不良
T01-SR-01-DISP,switchRailDisp1,09-26 02:00:09,152.00,150,mm,仿真-密贴不良
T01-SR-01-DISP,switchRailDisp1,09-26 02:00:09,152.00,150,mm,仿真-密贴不良
T01-SR-01-DISP,switchRailDisp1,09-26 03:00:05,150.28,150,mm,仿真-锁闭失败
T01-SR-01-DISP,switchRailDisp1,09-26 03:00:05,152.23,150,mm,仿真-锁闭失败
T01-SR-01-DISP,switchRailDisp1,09-26 03:00:05,153.97,150,mm,仿真-锁闭失败
T01-SR-01-DISP,switchRailDisp1,09-26 03:00:05,155.52,150,mm,仿真-锁闭失败
T01-SR-01-DISP,switchRailDisp1,09-26 03:00:05,156.85,150,mm,仿真-锁闭失败
T01-SR-01-DISP,switchRailDisp1,09-26 03:00:05,157.96,150,mm,仿真-锁闭失败
T01-SR-01-DISP,switchRailDisp1,09-26 03:00:05,158.84,150,mm,仿真-锁闭失败
T01-SR-01-DISP,switchRailDisp1,09-26 03:00:05,159.48,150,mm,仿真-锁闭失败
T01-SR-01-DISP,switchRailDisp1,09-26 03:00:05,159.87,150,mm,仿真-锁闭失败
T01-SR-01-DISP,switchRailDisp1,09-26 03:00:06,160.00,150,mm,仿真-锁闭失败
T01-SR-01-DISP,switchRailDisp1,09-26 03:00:06,160.00,150,mm,仿真-锁闭失败
T01-SR-01-DISP,switchRailDisp1,09-26 03:00:06,160.00,150,mm,仿真-锁闭失败
T01-SR-01-DISP,switchRailDisp1,09-26 03:00:06,160.00,150,mm,仿真-锁闭失败
T01-SR-01-DISP,switchRailDisp1,09-26 03:00:06,160.00,150,mm,仿真-锁闭失败
T01-SR-01-DISP,switchRailDisp1,09-26 03:00:06,160.00,150,mm,仿真-锁闭失败
T01-SR-01-DISP,switchRailDisp1,09-26 03:00:06,160.00,150,mm,仿真-锁闭失败
T01-SR-01-DISP,switchRailDisp1,09-26 03:00:06,160.00,150,mm,仿真-锁闭失败
T01-SR-01-DISP,switchRailDisp1,09-26 03:00:06,160.00,150,mm,仿真-锁闭失败
T01-SR-01-DISP,switchRailDisp1,09-26 03:00:06,160.00,150,mm,仿真-锁闭失败
T01-SR-01-DISP,switchRailDisp1,09-26 03:00:07,160.00,150,mm,仿真-锁闭失败
T01-SR-01-DISP,switchRailDisp1,09-26 03:00:07,160.00,150,mm,仿真-锁闭失败
T01-SR-01-DISP,switchRailDisp1,09-26 03:00:07,160.00,150,mm,仿真-锁闭失败
T01-SR-01-DISP,switchRailDisp1,09-26 03:00:07,160.00,150,mm,仿真-锁闭失败
T01-SR-01-DISP,switchRailDisp1,09-26 03:00:07,160.00,150,mm,仿真-锁闭失败
T01-SR-01-DISP,switchRailDisp1,09-26 03:00:07,160.00,150,mm,仿真-锁闭失败
T01-SR-01-DISP,switchRailDisp1,09-26 03:00:07,160.00,150,mm,仿真-锁闭失败
T01-SR-01-DISP,switchRailDisp1,09-26 03:00:07,160.00,150,mm,仿真-锁闭失败
T01-SR-01-DISP,switchRailDisp1,09-26 03:00:07,160.00,150,mm,仿真-锁闭失败
T01-SR-01-DISP,switchRailDisp1,09-26 03:00:07,160.00,150,mm,仿真-锁闭失败
T01-SR-01-DISP,switchRailDisp1,09-26 03:00:08,160.00,150,mm,仿真-锁闭失败
T01-SR-01-DISP,switchRailDisp1,09-26 03:00:08,160.00,150,mm,仿真-锁闭失败
T01-SR-01-DISP,switchRailDisp1,09-26 03:00:08,160.00,150,mm,仿真-锁闭失败
T01-SR-01-DISP,switchRailDisp1,09-26 03:00:08,160.00,150,mm,仿真-锁闭失败
T01-SR-01-DISP,switchRailDisp1,09-26 03:00:08,160.00,150,mm,仿真-锁闭失败
T01-SR-01-DISP,switchRailDisp1,09-26 03:00:08,160.00,150,mm,仿真-锁闭失败
T01-SR-01-DISP,switchRailDisp1,09-26 03:00:08,160.00,150,mm,仿真-锁闭失败
T01-SR-01-DISP,switchRailDisp1,09-26 03:00:08,160.00,150,mm,仿真-锁闭失败
T01-SR-01-DISP,switchRailDisp1,09-26 03:00:08,160.00,150,mm,仿真-锁闭失败
T01-SR-01-DISP,switchRailDisp1,09-26 03:00:08,160.00,150,mm,仿真-锁闭失败
T01-SR-01-DISP,switchRailDisp1,09-26 03:00:09,160.00,150,mm,仿真-锁闭失败
T01-SR-01-DISP,switchRailDisp1,09-26 03:00:09,160.00,150,mm,仿真-锁闭失败
T01-SR-01-DISP,switchRailDisp1,09-26 03:00:09,160.00,150,mm,仿真-锁闭失败
T01-SR-01-DISP,switchRailDisp1,09-26 03:00:09,160.00,150,mm,仿真-锁闭失败
T01-SR-01-DISP,switchRailDisp1,09-26 03:00:09,160.00,150,mm,仿真-锁闭失败
T01-SR-01-DISP,switchRailDisp1,09-26 03:00:09,160.00,150,mm,仿真-锁闭失败
T01-SR-01-DISP,switchRailDisp1,09-26 03:00:09,160.00,150,mm,仿真-锁闭失败
T01-SR-01-DISP,switchRailDisp1,09-26 03:00:09,160.00,150,mm,仿真-锁闭失败
T01-SR-01-DISP,switchRailDisp1,09-26 03:00:09,160.00,150,mm,仿真-锁闭失败
T01-SR-01-DISP,switchRailDisp1,09-26 03:00:09,160.00,150,mm,仿真-锁闭失败
T01-SR-01-DISP,switchRailDisp1,09-26 08:00:05,150.28,150,mm,运维-正常转换
T01-SR-01-DISP,switchRailDisp1,09-26 08:00:05,152.23,150,mm,运维-正常转换
T01-SR-01-DISP,switchRailDisp1,09-26 08:00:05,153.97,150,mm,运维-正常转换
T01-SR-01-DISP,switchRailDisp1,09-26 08:00:05,155.52,150,mm,运维-正常转换
T01-SR-01-DISP,switchRailDisp1,09-26 08:00:05,156.85,150,mm,运维-正常转换
T01-SR-01-DISP,switchRailDisp1,09-26 08:00:05,157.96,150,mm,运维-正常转换
T01-SR-01-DISP,switchRailDisp1,09-26 08:00:05,158.84,150,mm,运维-正常转换
T01-SR-01-DISP,switchRailDisp1,09-26 08:00:05,159.48,150,mm,运维-正常转换
T01-SR-01-DISP,switchRailDisp1,09-26 08:00:05,159.87,150,mm,运维-正常转换
T01-SR-01-DISP,switchRailDisp1,09-26 08:00:06,160.00,150,mm,运维-正常转换
T01-SR-01-DISP,switchRailDisp1,09-26 08:00:06,160.00,150,mm,运维-正常转换
T01-SR-01-DISP,switchRailDisp1,09-26 08:00:06,160.00,150,mm,运维-正常转换
T01-SR-01-DISP,switchRailDisp1,09-26 08:00:06,160.00,150,mm,运维-正常转换
T01-SR-01-DISP,switchRailDisp1,09-26 08:00:06,160.00,150,mm,运维-正常转换
T01-SR-01-DISP,switchRailDisp1,09-26 08:00:06,160.00,150,mm,运维-正常转换
T01-SR-01-DISP,switchRailDisp1,09-26 08:00:06,160.00,150,mm,运维-正常转换
T01-SR-01-DISP,switchRailDisp1,09-26 08:00:06,160.00,150,mm,运维-正常转换
T01-SR-01-DISP,switchRailDisp1,09-26 08:00:06,160.00,150,mm,运维-正常转换
T01-SR-01-DISP,switchRailDisp1,09-26 08:00:06,160.00,150,mm,运维-正常转换
T01-SR-01-DISP,switchRailDisp1,09-26 08:00:07,160.00,150,mm,运维-正常转换
T01-SR-01-DISP,switchRailDisp1,09-26 08:00:07,160.00,150,mm,运维-正常转换
T01-SR-01-DISP,switchRailDisp1,09-26 08:00:07,160.00,150,mm,运维-正常转换
T01-SR-01-DISP,switchRailDisp1,09-26 08:00:07,160.00,150,mm,运维-正常转换
T01-SR-01-DISP,switchRailDisp1,09-26 08:00:07,160.00,150,mm,运维-正常转换
T01-SR-01-DISP,switchRailDisp1,09-26 08:00:07,160.00,150,mm,运维-正常转换
T01-SR-01-DISP,switchRailDisp1,09-26 08:00:07,160.00,150,mm,运维-正常转换
T01-SR-01-DISP,switchRailDisp1,09-26 08:00:07,160.00,150,mm,运维-正常转换
T01-SR-01-DISP,switchRailDisp1,09-26 08:00:07,160.00,150,mm,运维-正常转换
T01-SR-01-DISP,switchRailDisp1,09-26 08:00:07,160.00,150,mm,运维-正常转换
T01-SR-01-DISP,switchRailDisp1,09-26 08:00:08,160.00,150,mm,运维-正常转换
T01-SR-01-DISP,switchRailDisp1,09-26 08:00:08,160.00,150,mm,运维-正常转换
T01-SR-01-DISP,switchRailDisp1,09-26 08:00:08,160.00,150,mm,运维-正常转换
T01-SR-01-DISP,switchRailDisp1,09-26 08:00:08,160.00,150,mm,运维-正常转换
T01-SR-01-DISP,switchRailDisp1,09-26 08:00:08,160.00,150,mm,运维-正常转换
T01-SR-01-DISP,switchRailDisp1,09-26 08:00:08,160.00,150,mm,运维-正常转换
T01-SR-01-DISP,switchRailDisp1,09-26 08:00:08,160.00,150,mm,运维-正常转换
T01-SR-01-DISP,switchRailDisp1,09-26 08:00:08,160.00,150,mm,运维-正常转换
T01-SR-01-DISP,switchRailDisp1,09-26 08:00:08,160.00,150,mm,运维-正常转换
T01-SR-01-DISP,switchRailDisp1,09-26 08:00:08,160.00,150,mm,运维-正常转换
T01-SR-01-DISP,switchRailDisp1,09-26 08:00:09,160.00,150,mm,运维-正常转换
T01-SR-01-DISP,switchRailDisp1,09-26 08:00:09,160.00,150,mm,运维-正常转换
T01-SR-01-DISP,switchRailDisp1,09-26 08:00:09,160.00,150,mm,运维-正常转换
T01-SR-01-DISP,switchRailDisp1,09-26 08:00:09,160.00,150,mm,运维-正常转换
T01-SR-01-DISP,switchRailDisp1,09-26 08:00:09,160.00,150,mm,运维-正常转换
T01-SR-01-DISP,switchRailDisp1,09-26 08:00:09,160.00,150,mm,运维-正常转换
T01-SR-01-DISP,switchRailDisp1,09-26 08:00:09,160.00,150,mm,运维-正常转换
T01-SR-01-DISP,switchRailDisp1,09-26 08:00:09,160.00,150,mm,运维-正常转换
T01-SR-01-DISP,switchRailDisp1,09-26 08:00:09,160.00,150,mm,运维-正常转换
T01-SR-01-DISP,switchRailDisp1,09-26 08:00:09,160.00,150,mm,运维-正常转换
T01-SR-01-DISP,switchRailDisp1,09-26 09:00:05,150.28,150,mm,运维-正常转换
T01-SR-01-DISP,switchRailDisp1,09-26 09:00:05,152.23,150,mm,运维-正常转换
T01-SR-01-DISP,switchRailDisp1,09-26 09:00:05,153.97,150,mm,运维-正常转换
T01-SR-01-DISP,switchRailDisp1,09-26 09:00:05,155.52,150,mm,运维-正常转换
T01-SR-01-DISP,switchRailDisp1,09-26 09:00:05,156.85,150,mm,运维-正常转换
T01-SR-01-DISP,switchRailDisp1,09-26 09:00:05,157.96,150,mm,运维-正常转换
T01-SR-01-DISP,switchRailDisp1,09-26 09:00:05,158.84,150,mm,运维-正常转换
T01-SR-01-DISP,switchRailDisp1,09-26 09:00:05,159.48,150,mm,运维-正常转换
T01-SR-01-DISP,switchRailDisp1,09-26 09:00:05,159.87,150,mm,运维-正常转换
T01-SR-01-DISP,switchRailDisp1,09-26 09:00:06,160.00,150,mm,运维-正常转换
T01-SR-01-DISP,switchRailDisp1,09-26 09:00:06,160.00,150,mm,运维-正常转换
T01-SR-01-DISP,switchRailDisp1,09-26 09:00:06,160.00,150,mm,运维-正常转换
T01-SR-01-DISP,switchRailDisp1,09-26 09:00:06,160.00,150,mm,运维-正常转换
T01-SR-01-DISP,switchRailDisp1,09-26 09:00:06,160.00,150,mm,运维-正常转换
T01-SR-01-DISP,switchRailDisp1,09-26 09:00:06,160.00,150,mm,运维-正常转换
T01-SR-01-DISP,switchRailDisp1,09-26 09:00:06,160.00,150,mm,运维-正常转换
T01-SR-01-DISP,switchRailDisp1,09-26 09:00:06,160.00,150,mm,运维-正常转换
T01-SR-01-DISP,switchRailDisp1,09-26 09:00:06,160.00,150,mm,运维-正常转换
T01-SR-01-DISP,switchRailDisp1,09-26 09:00:06,160.00,150,mm,运维-正常转换
T01-SR-01-DISP,switchRailDisp1,09-26 09:00:07,160.00,150,mm,运维-正常转换
T01-SR-01-DISP,switchRailDisp1,09-26 09:00:07,160.00,150,mm,运维-正常转换
T01-SR-01-DISP,switchRailDisp1,09-26 09:00:07,160.00,150,mm,运维-正常转换
T01-SR-01-DISP,switchRailDisp1,09-26 09:00:07,160.00,150,mm,运维-正常转换
T01-SR-01-DISP,switchRailDisp1,09-26 09:00:07,160.00,150,mm,运维-正常转换
T01-SR-01-DISP,switchRailDisp1,09-26 09:00:07,160.00,150,mm,运维-正常转换
T01-SR-01-DISP,switchRailDisp1,09-26 09:00:07,160.00,150,mm,运维-正常转换
T01-SR-01-DISP,switchRailDisp1,09-26 09:00:07,160.00,150,mm,运维-正常转换
T01-SR-01-DISP,switchRailDisp1,09-26 09:00:07,160.00,150,mm,运维-正常转换
T01-SR-01-DISP,switchRailDisp1,09-26 09:00:07,160.00,150,mm,运维-正常转换
T01-SR-01-DISP,switchRailDisp1,09-26 09:00:08,160.00,150,mm,运维-正常转换
T01-SR-01-DISP,switchRailDisp1,09-26 09:00:08,160.00,150,mm,运维-正常转换
T01-SR-01-DISP,switchRailDisp1,09-26 09:00:08,160.00,150,mm,运维-正常转换
T01-SR-01-DISP,switchRailDisp1,09-26 09:00:08,160.00,150,mm,运维-正常转换
T01-SR-01-DISP,switchRailDisp1,09-26 09:00:08,160.00,150,mm,运维-正常转换
T01-SR-01-DISP,switchRailDisp1,09-26 09:00:08,160.00,150,mm,运维-正常转换
T01-SR-01-DISP,switchRailDisp1,09-26 09:00:08,160.00,150,mm,运维-正常转换
T01-SR-01-DISP,switchRailDisp1,09-26 09:00:08,160.00,150,mm,运维-正常转换
T01-SR-01-DISP,switchRailDisp1,09-26 09:00:08,160.00,150,mm,运维-正常转换
T01-SR-01-DISP,switchRailDisp1,09-26 09:00:08,160.00,150,mm,运维-正常转换
T01-SR-01-DISP,switchRailDisp1,09-26 09:00:09,160.00,150,mm,运维-正常转换
T01-SR-01-DISP,switchRailDisp1,09-26 09:00:09,160.00,150,mm,运维-正常转换
T01-SR-01-DISP,switchRailDisp1,09-26 09:00:09,160.00,150,mm,运维-正常转换
T01-SR-01-DISP,switchRailDisp1,09-26 09:00:09,160.00,150,mm,运维-正常转换
T01-SR-01-DISP,switchRailDisp1,09-26 09:00:09,160.00,150,mm,运维-正常转换
T01-SR-01-DISP,switchRailDisp1,09-26 09:00:09,160.00,150,mm,运维-正常转换
T01-SR-01-DISP,switchRailDisp1,09-26 09:00:09,160.00,150,mm,运维-正常转换
T01-SR-01-DISP,switchRailDisp1,09-26 09:00:09,160.00,150,mm,运维-正常转换
T01-SR-01-DISP,switchRailDisp1,09-26 09:00:09,160.00,150,mm,运维-正常转换
T01-SR-01-DISP,switchRailDisp1,09-26 09:00:09,160.00,150,mm,运维-正常转换
T01-SR-01-DISP,switchRailDisp1,09-26 10:00:05,150.28,150,mm,运维-正常转换
T01-SR-01-DISP,switchRailDisp1,09-26 10:00:05,152.23,150,mm,运维-正常转换
T01-SR-01-DISP,switchRailDisp1,09-26 10:00:05,153.97,150,mm,运维-正常转换
T01-SR-01-DISP,switchRailDisp1,09-26 10:00:05,155.52,150,mm,运维-正常转换
T01-SR-01-DISP,switchRailDisp1,09-26 10:00:05,156.85,150,mm,运维-正常转换
T01-SR-01-DISP,switchRailDisp1,09-26 10:00:05,157.96,150,mm,运维-正常转换
T01-SR-01-DISP,switchRailDisp1,09-26 10:00:05,158.84,150,mm,运维-正常转换
T01-SR-01-DISP,switchRailDisp1,09-26 10:00:05,159.48,150,mm,运维-正常转换
T01-SR-01-DISP,switchRailDisp1,09-26 10:00:05,159.87,150,mm,运维-正常转换
T01-SR-01-DISP,switchRailDisp1,09-26 10:00:06,160.00,150,mm,运维-正常转换
T01-SR-01-DISP,switchRailDisp1,09-26 10:00:06,160.00,150,mm,运维-正常转换
T01-SR-01-DISP,switchRailDisp1,09-26 10:00:06,160.00,150,mm,运维-正常转换
T01-SR-01-DISP,switchRailDisp1,09-26 10:00:06,160.00,150,mm,运维-正常转换
T01-SR-01-DISP,switchRailDisp1,09-26 10:00:06,160.00,150,mm,运维-正常转换
T01-SR-01-DISP,switchRailDisp1,09-26 10:00:06,160.00,150,mm,运维-正常转换
T01-SR-01-DISP,switchRailDisp1,09-26 10:00:06,160.00,150,mm,运维-正常转换
T01-SR-01-DISP,switchRailDisp1,09-26 10:00:06,160.00,150,mm,运维-正常转换
T01-SR-01-DISP,switchRailDisp1,09-26 10:00:06,160.00,150,mm,运维-正常转换
T01-SR-01-DISP,switchRailDisp1,09-26 10:00:06,160.00,150,mm,运维-正常转换
T01-SR-01-DISP,switchRailDisp1,09-26 10:00:07,160.00,150,mm,运维-正常转换
T01-SR-01-DISP,switchRailDisp1,09-26 10:00:07,160.00,150,mm,运维-正常转换
T01-SR-01-DISP,switchRailDisp1,09-26 10:00:07,160.00,150,mm,运维-正常转换
T01-SR-01-DISP,switchRailDisp1,09-26 10:00:07,160.00,150,mm,运维-正常转换
T01-SR-01-DISP,switchRailDisp1,09-26 10:00:07,160.00,150,mm,运维-正常转换
T01-SR-01-DISP,switchRailDisp1,09-26 10:00:07,160.00,150,mm,运维-正常转换
T01-SR-01-DISP,switchRailDisp1,09-26 10:00:07,160.00,150,mm,运维-正常转换
T01-SR-01-DISP,switchRailDisp1,09-26 10:00:07,160.00,150,mm,运维-正常转换
T01-SR-01-DISP,switchRailDisp1,09-26 10:00:07,160.00,150,mm,运维-正常转换
T01-SR-01-DISP,switchRailDisp1,09-26 10:00:07,160.00,150,mm,运维-正常转换
T01-SR-01-DISP,switchRailDisp1,09-26 10:00:08,160.00,150,mm,运维-正常转换
T01-SR-01-DISP,switchRailDisp1,09-26 10:00:08,160.00,150,mm,运维-正常转换
T01-SR-01-DISP,switchRailDisp1,09-26 10:00:08,160.00,150,mm,运维-正常转换
T01-SR-01-DISP,switchRailDisp1,09-26 10:00:08,160.00,150,mm,运维-正常转换
T01-SR-01-DISP,switchRailDisp1,09-26 10:00:08,160.00,150,mm,运维-正常转换
T01-SR-01-DISP,switchRailDisp1,09-26 10:00:08,160.00,150,mm,运维-正常转换
T01-SR-01-DISP,switchRailDisp1,09-26 10:00:08,160.00,150,mm,运维-正常转换
T01-SR-01-DISP,switchRailDisp1,09-26 10:00:08,160.00,150,mm,运维-正常转换
T01-SR-01-DISP,switchRailDisp1,09-26 10:00:08,160.00,150,mm,运维-正常转换
T01-SR-01-DISP,switchRailDisp1,09-26 10:00:08,160.00,150,mm,运维-正常转换
T01-SR-01-DISP,switchRailDisp1,09-26 10:00:09,160.00,150,mm,运维-正常转换
T01-SR-01-DISP,switchRailDisp1,09-26 10:00:09,160.00,150,mm,运维-正常转换
T01-SR-01-DISP,switchRailDisp1,09-26 10:00:09,160.00,150,mm,运维-正常转换
T01-SR-01-DISP,switchRailDisp1,09-26 10:00:09,160.00,150,mm,运维-正常转换
T01-SR-01-DISP,switchRailDisp1,09-26 10:00:09,160.00,150,mm,运维-正常转换
T01-SR-01-DISP,switchRailDisp1,09-26 10:00:09,160.00,150,mm,运维-正常转换
T01-SR-01-DISP,switchRailDisp1,09-26 10:00:09,160.00,150,mm,运维-正常转换
T01-SR-01-DISP,switchRailDisp1,09-26 10:00:09,160.00,150,mm,运维-正常转换
T01-SR-01-DISP,switchRailDisp1,09-26 10:00:09,160.00,150,mm,运维-正常转换
T01-SR-01-DISP,switchRailDisp1,09-26 10:00:09,160.00,150,mm,运维-正常转换
T01-SR-01-DISP,switchRailDisp1,09-26 12:00:05,150.28,150,mm,运维-正常转换
T01-SR-01-DISP,switchRailDisp1,09-26 12:00:05,152.23,150,mm,运维-正常转换
T01-SR-01-DISP,switchRailDisp1,09-26 12:00:05,153.97,150,mm,运维-正常转换
T01-SR-01-DISP,switchRailDisp1,09-26 12:00:05,155.52,150,mm,运维-正常转换
T01-SR-01-DISP,switchRailDisp1,09-26 12:00:05,156.85,150,mm,运维-正常转换
T01-SR-01-DISP,switchRailDisp1,09-26 12:00:05,157.96,150,mm,运维-正常转换
T01-SR-01-DISP,switchRailDisp1,09-26 12:00:05,158.84,150,mm,运维-正常转换
T01-SR-01-DISP,switchRailDisp1,09-26 12:00:05,159.48,150,mm,运维-正常转换
T01-SR-01-DISP,switchRailDisp1,09-26 12:00:05,159.87,150,mm,运维-正常转换
T01-SR-01-DISP,switchRailDisp1,09-26 12:00:06,160.00,150,mm,运维-正常转换
T01-SR-01-DISP,switchRailDisp1,09-26 12:00:06,160.00,150,mm,运维-正常转换
T01-SR-01-DISP,switchRailDisp1,09-26 12:00:06,160.00,150,mm,运维-正常转换
T01-SR-01-DISP,switchRailDisp1,09-26 12:00:06,160.00,150,mm,运维-正常转换
T01-SR-01-DISP,switchRailDisp1,09-26 12:00:06,160.00,150,mm,运维-正常转换
T01-SR-01-DISP,switchRailDisp1,09-26 12:00:06,160.00,150,mm,运维-正常转换
T01-SR-01-DISP,switchRailDisp1,09-26 12:00:06,160.00,150,mm,运维-正常转换
T01-SR-01-DISP,switchRailDisp1,09-26 12:00:06,160.00,150,mm,运维-正常转换
T01-SR-01-DISP,switchRailDisp1,09-26 12:00:06,160.00,150,mm,运维-正常转换
T01-SR-01-DISP,switchRailDisp1,09-26 12:00:06,160.00,150,mm,运维-正常转换
T01-SR-01-DISP,switchRailDisp1,09-26 12:00:07,160.00,150,mm,运维-正常转换
T01-SR-01-DISP,switchRailDisp1,09-26 12:00:07,160.00,150,mm,运维-正常转换
T01-SR-01-DISP,switchRailDisp1,09-26 12:00:07,160.00,150,mm,运维-正常转换
T01-SR-01-DISP,switchRailDisp1,09-26 12:00:07,160.00,150,mm,运维-正常转换
T01-SR-01-DISP,switchRailDisp1,09-26 12:00:07,160.00,150,mm,运维-正常转换
T01-SR-01-DISP,switchRailDisp1,09-26 12:00:07,160.00,150,mm,运维-正常转换
T01-SR-01-DISP,switchRailDisp1,09-26 12:00:07,160.00,150,mm,运维-正常转换
T01-SR-01-DISP,switchRailDisp1,09-26 12:00:07,160.00,150,mm,运维-正常转换
T01-SR-01-DISP,switchRailDisp1,09-26 12:00:07,160.00,150,mm,运维-正常转换
T01-SR-01-DISP,switchRailDisp1,09-26 12:00:07,160.00,150,mm,运维-正常转换
T01-SR-01-DISP,switchRailDisp1,09-26 12:00:08,160.00,150,mm,运维-正常转换
T01-SR-01-DISP,switchRailDisp1,09-26 12:00:08,160.00,150,mm,运维-正常转换
T01-SR-01-DISP,switchRailDisp1,09-26 12:00:08,160.00,150,mm,运维-正常转换
T01-SR-01-DISP,switchRailDisp1,09-26 12:00:08,160.00,150,mm,运维-正常转换
T01-SR-01-DISP,switchRailDisp1,09-26 12:00:08,160.00,150,mm,运维-正常转换
T01-SR-01-DISP,switchRailDisp1,09-26 12:00:08,160.00,150,mm,运维-正常转换
T01-SR-01-DISP,switchRailDisp1,09-26 12:00:08,160.00,150,mm,运维-正常转换
T01-SR-01-DISP,switchRailDisp1,09-26 12:00:08,160.00,150,mm,运维-正常转换
T01-SR-01-DISP,switchRailDisp1,09-26 12:00:08,160.00,150,mm,运维-正常转换
T01-SR-01-DISP,switchRailDisp1,09-26 12:00:08,160.00,150,mm,运维-正常转换
T01-SR-01-DISP,switchRailDisp1,09-26 12:00:09,160.00,150,mm,运维-正常转换
T01-SR-01-DISP,switchRailDisp1,09-26 12:00:09,160.00,150,mm,运维-正常转换
T01-SR-01-DISP,switchRailDisp1,09-26 12:00:09,160.00,150,mm,运维-正常转换
T01-SR-01-DISP,switchRailDisp1,09-26 12:00:09,160.00,150,mm,运维-正常转换
T01-SR-01-DISP,switchRailDisp1,09-26 12:00:09,160.00,150,mm,运维-正常转换
T01-SR-01-DISP,switchRailDisp1,09-26 12:00:09,160.00,150,mm,运维-正常转换
T01-SR-01-DISP,switchRailDisp1,09-26 12:00:09,160.00,150,mm,运维-正常转换
T01-SR-01-DISP,switchRailDisp1,09-26 12:00:09,160.00,150,mm,运维-正常转换
T01-SR-01-DISP,switchRailDisp1,09-26 12:00:09,160.00,150,mm,运维-正常转换
T01-SR-01-DISP,switchRailDisp1,09-26 12:00:09,160.00,150,mm,运维-正常转换
T01-SR-01-DISP,switchRailDisp1,09-26 13:00:05,150.28,150,mm,运维-正常转换
T01-SR-01-DISP,switchRailDisp1,09-26 13:00:05,152.23,150,mm,运维-正常转换
T01-SR-01-DISP,switchRailDisp1,09-26 13:00:05,153.97,150,mm,运维-正常转换
T01-SR-01-DISP,switchRailDisp1,09-26 13:00:05,155.52,150,mm,运维-正常转换
T01-SR-01-DISP,switchRailDisp1,09-26 13:00:05,156.85,150,mm,运维-正常转换
T01-SR-01-DISP,switchRailDisp1,09-26 13:00:05,157.96,150,mm,运维-正常转换
T01-SR-01-DISP,switchRailDisp1,09-26 13:00:05,158.84,150,mm,运维-正常转换
T01-SR-01-DISP,switchRailDisp1,09-26 13:00:05,159.48,150,mm,运维-正常转换
T01-SR-01-DISP,switchRailDisp1,09-26 13:00:05,159.87,150,mm,运维-正常转换
T01-SR-01-DISP,switchRailDisp1,09-26 13:00:06,160.00,150,mm,运维-正常转换
T01-SR-01-DISP,switchRailDisp1,09-26 13:00:06,160.00,150,mm,运维-正常转换
T01-SR-01-DISP,switchRailDisp1,09-26 13:00:06,160.00,150,mm,运维-正常转换
T01-SR-01-DISP,switchRailDisp1,09-26 13:00:06,160.00,150,mm,运维-正常转换
T01-SR-01-DISP,switchRailDisp1,09-26 13:00:06,160.00,150,mm,运维-正常转换
T01-SR-01-DISP,switchRailDisp1,09-26 13:00:06,160.00,150,mm,运维-正常转换
T01-SR-01-DISP,switchRailDisp1,09-26 13:00:06,160.00,150,mm,运维-正常转换
T01-SR-01-DISP,switchRailDisp1,09-26 13:00:06,160.00,150,mm,运维-正常转换
T01-SR-01-DISP,switchRailDisp1,09-26 13:00:06,160.00,150,mm,运维-正常转换
T01-SR-01-DISP,switchRailDisp1,09-26 13:00:06,160.00,150,mm,运维-正常转换
T01-SR-01-DISP,switchRailDisp1,09-26 13:00:07,160.00,150,mm,运维-正常转换
T01-SR-01-DISP,switchRailDisp1,09-26 13:00:07,160.00,150,mm,运维-正常转换
T01-SR-01-DISP,switchRailDisp1,09-26 13:00:07,160.00,150,mm,运维-正常转换
T01-SR-01-DISP,switchRailDisp1,09-26 13:00:07,160.00,150,mm,运维-正常转换
T01-SR-01-DISP,switchRailDisp1,09-26 13:00:07,160.00,150,mm,运维-正常转换
T01-SR-01-DISP,switchRailDisp1,09-26 13:00:07,160.00,150,mm,运维-正常转换
T01-SR-01-DISP,switchRailDisp1,09-26 13:00:07,160.00,150,mm,运维-正常转换
T01-SR-01-DISP,switchRailDisp1,09-26 13:00:07,160.00,150,mm,运维-正常转换
T01-SR-01-DISP,switchRailDisp1,09-26 13:00:07,160.00,150,mm,运维-正常转换
T01-SR-01-DISP,switchRailDisp1,09-26 13:00:07,160.00,150,mm,运维-正常转换
T01-SR-01-DISP,switchRailDisp1,09-26 13:00:08,160.00,150,mm,运维-正常转换
T01-SR-01-DISP,switchRailDisp1,09-26 13:00:08,160.00,150,mm,运维-正常转换
T01-SR-01-DISP,switchRailDisp1,09-26 13:00:08,160.00,150,mm,运维-正常转换
T01-SR-01-DISP,switchRailDisp1,09-26 13:00:08,160.00,150,mm,运维-正常转换
T01-SR-01-DISP,switchRailDisp1,09-26 13:00:08,160.00,150,mm,运维-正常转换
T01-SR-01-DISP,switchRailDisp1,09-26 13:00:08,160.00,150,mm,运维-正常转换
T01-SR-01-DISP,switchRailDisp1,09-26 13:00:08,160.00,150,mm,运维-正常转换
T01-SR-01-DISP,switchRailDisp1,09-26 13:00:08,160.00,150,mm,运维-正常转换
T01-SR-01-DISP,switchRailDisp1,09-26 13:00:08,160.00,150,mm,运维-正常转换
T01-SR-01-DISP,switchRailDisp1,09-26 13:00:08,160.00,150,mm,运维-正常转换
T01-SR-01-DISP,switchRailDisp1,09-26 13:00:09,160.00,150,mm,运维-正常转换
T01-SR-01-DISP,switchRailDisp1,09-26 13:00:09,160.00,150,mm,运维-正常转换
T01-SR-01-DISP,switchRailDisp1,09-26 13:00:09,160.00,150,mm,运维-正常转换
T01-SR-01-DISP,switchRailDisp1,09-26 13:00:09,160.00,150,mm,运维-正常转换
T01-SR-01-DISP,switchRailDisp1,09-26 13:00:09,160.00,150,mm,运维-正常转换
T01-SR-01-DISP,switchRailDisp1,09-26 13:00:09,160.00,150,mm,运维-正常转换
T01-SR-01-DISP,switchRailDisp1,09-26 13:00:09,160.00,150,mm,运维-正常转换
T01-SR-01-DISP,switchRailDisp1,09-26 13:00:09,160.00,150,mm,运维-正常转换
T01-SR-01-DISP,switchRailDisp1,09-26 13:00:09,160.00,150,mm,运维-正常转换
T01-SR-01-DISP,switchRailDisp1,09-26 13:00:09,160.00,150,mm,运维-正常转换
T01-SR-01-DISP,switchRailDisp1,09-26 14:00:05,150.28,150,mm,运维-正常转换
T01-SR-01-DISP,switchRailDisp1,09-26 14:00:05,152.23,150,mm,运维-正常转换
T01-SR-01-DISP,switchRailDisp1,09-26 14:00:05,153.97,150,mm,运维-正常转换
T01-SR-01-DISP,switchRailDisp1,09-26 14:00:05,155.52,150,mm,运维-正常转换
T01-SR-01-DISP,switchRailDisp1,09-26 14:00:05,156.85,150,mm,运维-正常转换
T01-SR-01-DISP,switchRailDisp1,09-26 14:00:05,157.96,150,mm,运维-正常转换
T01-SR-01-DISP,switchRailDisp1,09-26 14:00:05,158.84,150,mm,运维-正常转换
T01-SR-01-DISP,switchRailDisp1,09-26 14:00:05,159.48,150,mm,运维-正常转换
T01-SR-01-DISP,switchRailDisp1,09-26 14:00:05,159.87,150,mm,运维-正常转换
T01-SR-01-DISP,switchRailDisp1,09-26 14:00:06,160.00,150,mm,运维-正常转换
T01-SR-01-DISP,switchRailDisp1,09-26 14:00:06,160.00,150,mm,运维-正常转换
T01-SR-01-DISP,switchRailDisp1,09-26 14:00:06,160.00,150,mm,运维-正常转换
T01-SR-01-DISP,switchRailDisp1,09-26 14:00:06,160.00,150,mm,运维-正常转换
T01-SR-01-DISP,switchRailDisp1,09-26 14:00:06,160.00,150,mm,运维-正常转换
T01-SR-01-DISP,switchRailDisp1,09-26 14:00:06,160.00,150,mm,运维-正常转换
T01-SR-01-DISP,switchRailDisp1,09-26 14:00:06,160.00,150,mm,运维-正常转换
T01-SR-01-DISP,switchRailDisp1,09-26 14:00:06,160.00,150,mm,运维-正常转换
T01-SR-01-DISP,switchRailDisp1,09-26 14:00:06,160.00,150,mm,运维-正常转换
T01-SR-01-DISP,switchRailDisp1,09-26 14:00:06,160.00,150,mm,运维-正常转换
T01-SR-01-DISP,switchRailDisp1,09-26 14:00:07,160.00,150,mm,运维-正常转换
T01-SR-01-DISP,switchRailDisp1,09-26 14:00:07,160.00,150,mm,运维-正常转换
T01-SR-01-DISP,switchRailDisp1,09-26 14:00:07,160.00,150,mm,运维-正常转换
T01-SR-01-DISP,switchRailDisp1,09-26 14:00:07,160.00,150,mm,运维-正常转换
T01-SR-01-DISP,switchRailDisp1,09-26 14:00:07,160.00,150,mm,运维-正常转换
T01-SR-01-DISP,switchRailDisp1,09-26 14:00:07,160.00,150,mm,运维-正常转换
T01-SR-01-DISP,switchRailDisp1,09-26 14:00:07,160.00,150,mm,运维-正常转换
T01-SR-01-DISP,switchRailDisp1,09-26 14:00:07,160.00,150,mm,运维-正常转换
T01-SR-01-DISP,switchRailDisp1,09-26 14:00:07,160.00,150,mm,运维-正常转换
T01-SR-01-DISP,switchRailDisp1,09-26 14:00:07,160.00,150,mm,运维-正常转换
T01-SR-01-DISP,switchRailDisp1,09-26 14:00:08,160.00,150,mm,运维-正常转换
T01-SR-01-DISP,switchRailDisp1,09-26 14:00:08,160.00,150,mm,运维-正常转换
T01-SR-01-DISP,switchRailDisp1,09-26 14:00:08,160.00,150,mm,运维-正常转换
T01-SR-01-DISP,switchRailDisp1,09-26 14:00:08,160.00,150,mm,运维-正常转换
T01-SR-01-DISP,switchRailDisp1,09-26 14:00:08,160.00,150,mm,运维-正常转换
T01-SR-01-DISP,switchRailDisp1,09-26 14:00:08,160.00,150,mm,运维-正常转换
T01-SR-01-DISP,switchRailDisp1,09-26 14:00:08,160.00,150,mm,运维-正常转换
T01-SR-01-DISP,switchRailDisp1,09-26 14:00:08,160.00,150,mm,运维-正常转换
T01-SR-01-DISP,switchRailDisp1,09-26 14:00:08,160.00,150,mm,运维-正常转换
T01-SR-01-DISP,switchRailDisp1,09-26 14:00:08,160.00,150,mm,运维-正常转换
T01-SR-01-DISP,switchRailDisp1,09-26 14:00:09,160.00,150,mm,运维-正常转换
T01-SR-01-DISP,switchRailDisp1,09-26 14:00:09,160.00,150,mm,运维-正常转换
T01-SR-01-DISP,switchRailDisp1,09-26 14:00:09,160.00,150,mm,运维-正常转换
T01-SR-01-DISP,switchRailDisp1,09-26 14:00:09,160.00,150,mm,运维-正常转换
T01-SR-01-DISP,switchRailDisp1,09-26 14:00:09,160.00,150,mm,运维-正常转换
T01-SR-01-DISP,switchRailDisp1,09-26 14:00:09,160.00,150,mm,运维-正常转换
T01-SR-01-DISP,switchRailDisp1,09-26 14:00:09,160.00,150,mm,运维-正常转换
T01-SR-01-DISP,switchRailDisp1,09-26 14:00:09,160.00,150,mm,运维-正常转换
T01-SR-01-DISP,switchRailDisp1,09-26 14:00:09,160.00,150,mm,运维-正常转换
T01-SR-01-DISP,switchRailDisp1,09-26 14:00:09,160.00,150,mm,运维-正常转换
T01-SR-01-DISP,switchRailDisp1,09-26 15:00:05,150.28,150,mm,运维-正常转换
T01-SR-01-DISP,switchRailDisp1,09-26 15:00:05,152.23,150,mm,运维-正常转换
T01-SR-01-DISP,switchRailDisp1,09-26 15:00:05,153.97,150,mm,运维-正常转换
T01-SR-01-DISP,switchRailDisp1,09-26 15:00:05,155.52,150,mm,运维-正常转换
T01-SR-01-DISP,switchRailDisp1,09-26 15:00:05,156.85,150,mm,运维-正常转换
T01-SR-01-DISP,switchRailDisp1,09-26 15:00:05,157.96,150,mm,运维-正常转换
T01-SR-01-DISP,switchRailDisp1,09-26 15:00:05,158.84,150,mm,运维-正常转换
T01-SR-01-DISP,switchRailDisp1,09-26 15:00:05,159.48,150,mm,运维-正常转换
T01-SR-01-DISP,switchRailDisp1,09-26 15:00:05,159.87,150,mm,运维-正常转换
T01-SR-01-DISP,switchRailDisp1,09-26 15:00:06,160.00,150,mm,运维-正常转换
T01-SR-01-DISP,switchRailDisp1,09-26 15:00:06,160.00,150,mm,运维-正常转换
T01-SR-01-DISP,switchRailDisp1,09-26 15:00:06,160.00,150,mm,运维-正常转换
T01-SR-01-DISP,switchRailDisp1,09-26 15:00:06,160.00,150,mm,运维-正常转换
T01-SR-01-DISP,switchRailDisp1,09-26 15:00:06,160.00,150,mm,运维-正常转换
T01-SR-01-DISP,switchRailDisp1,09-26 15:00:06,160.00,150,mm,运维-正常转换
T01-SR-01-DISP,switchRailDisp1,09-26 15:00:06,160.00,150,mm,运维-正常转换
T01-SR-01-DISP,switchRailDisp1,09-26 15:00:06,160.00,150,mm,运维-正常转换
T01-SR-01-DISP,switchRailDisp1,09-26 15:00:06,160.00,150,mm,运维-正常转换
T01-SR-01-DISP,switchRailDisp1,09-26 15:00:06,160.00,150,mm,运维-正常转换
T01-SR-01-DISP,switchRailDisp1,09-26 15:00:07,160.00,150,mm,运维-正常转换
T01-SR-01-DISP,switchRailDisp1,09-26 15:00:07,160.00,150,mm,运维-正常转换
T01-SR-01-DISP,switchRailDisp1,09-26 15:00:07,160.00,150,mm,运维-正常转换
T01-SR-01-DISP,switchRailDisp1,09-26 15:00:07,160.00,150,mm,运维-正常转换
T01-SR-01-DISP,switchRailDisp1,09-26 15:00:07,160.00,150,mm,运维-正常转换
T01-SR-01-DISP,switchRailDisp1,09-26 15:00:07,160.00,150,mm,运维-正常转换
T01-SR-01-DISP,switchRailDisp1,09-26 15:00:07,160.00,150,mm,运维-正常转换
T01-SR-01-DISP,switchRailDisp1,09-26 15:00:07,160.00,150,mm,运维-正常转换
T01-SR-01-DISP,switchRailDisp1,09-26 15:00:07,160.00,150,mm,运维-正常转换
T01-SR-01-DISP,switchRailDisp1,09-26 15:00:07,160.00,150,mm,运维-正常转换
T01-SR-01-DISP,switchRailDisp1,09-26 15:00:08,160.00,150,mm,运维-正常转换
T01-SR-01-DISP,switchRailDisp1,09-26 15:00:08,160.00,150,mm,运维-正常转换
T01-SR-01-DISP,switchRailDisp1,09-26 15:00:08,160.00,150,mm,运维-正常转换
T01-SR-01-DISP,switchRailDisp1,09-26 15:00:08,160.00,150,mm,运维-正常转换
T01-SR-01-DISP,switchRailDisp1,09-26 15:00:08,160.00,150,mm,运维-正常转换
T01-SR-01-DISP,switchRailDisp1,09-26 15:00:08,160.00,150,mm,运维-正常转换
T01-SR-01-DISP,switchRailDisp1,09-26 15:00:08,160.00,150,mm,运维-正常转换
T01-SR-01-DISP,switchRailDisp1,09-26 15:00:08,160.00,150,mm,运维-正常转换
T01-SR-01-DISP,switchRailDisp1,09-26 15:00:08,160.00,150,mm,运维-正常转换
T01-SR-01-DISP,switchRailDisp1,09-26 15:00:08,160.00,150,mm,运维-正常转换
T01-SR-01-DISP,switchRailDisp1,09-26 15:00:09,160.00,150,mm,运维-正常转换
T01-SR-01-DISP,switchRailDisp1,09-26 15:00:09,160.00,150,mm,运维-正常转换
T01-SR-01-DISP,switchRailDisp1,09-26 15:00:09,160.00,150,mm,运维-正常转换
T01-SR-01-DISP,switchRailDisp1,09-26 15:00:09,160.00,150,mm,运维-正常转换
T01-SR-01-DISP,switchRailDisp1,09-26 15:00:09,160.00,150,mm,运维-正常转换
T01-SR-01-DISP,switchRailDisp1,09-26 15:00:09,160.00,150,mm,运维-正常转换
T01-SR-01-DISP,switchRailDisp1,09-26 15:00:09,160.00,150,mm,运维-正常转换
T01-SR-01-DISP,switchRailDisp1,09-26 15:00:09,160.00,150,mm,运维-正常转换
T01-SR-01-DISP,switchRailDisp1,09-26 15:00:09,160.00,150,mm,运维-正常转换
T01-SR-01-DISP,switchRailDisp1,09-26 15:00:09,160.00,150,mm,运维-正常转换
T01-SR-01-DISP,switchRailDisp1,09-26 16:00:05,150.06,150,mm,运维-密贴不良
T01-SR-01-DISP,switchRailDisp1,09-26 16:00:05,150.90,150,mm,运维-密贴不良
T01-SR-01-DISP,switchRailDisp1,09-26 16:00:05,151.50,150,mm,运维-密贴不良
T01-SR-01-DISP,switchRailDisp1,09-26 16:00:05,151.87,150,mm,运维-密贴不良
T01-SR-01-DISP,switchRailDisp1,09-26 16:00:06,152.00,150,mm,运维-密贴不良
T01-SR-01-DISP,switchRailDisp1,09-26 16:00:06,152.00,150,mm,运维-密贴不良
T01-SR-01-DISP,switchRailDisp1,09-26 16:00:06,152.00,150,mm,运维-密贴不良
T01-SR-01-DISP,switchRailDisp1,09-26 16:00:06,152.00,150,mm,运维-密贴不良
T01-SR-01-DISP,switchRailDisp1,09-26 16:00:06,152.00,150,mm,运维-密贴不良
T01-SR-01-DISP,switchRailDisp1,09-26 16:00:06,152.00,150,mm,运维-密贴不良
T01-SR-01-DISP,switchRailDisp1,09-26 16:00:06,152.00,150,mm,运维-密贴不良
T01-SR-01-DISP,switchRailDisp1,09-26 16:00:06,152.00,150,mm,运维-密贴不良
T01-SR-01-DISP,switchRailDisp1,09-26 16:00:06,152.00,150,mm,运维-密贴不良
T01-SR-01-DISP,switchRailDisp1,09-26 16:00:06,152.00,150,mm,运维-密贴不良
T01-SR-01-DISP,switchRailDisp1,09-26 16:00:07,152.00,150,mm,运维-密贴不良
T01-SR-01-DISP,switchRailDisp1,09-26 16:00:07,152.00,150,mm,运维-密贴不良
T01-SR-01-DISP,switchRailDisp1,09-26 16:00:07,152.00,150,mm,运维-密贴不良
T01-SR-01-DISP,switchRailDisp1,09-26 16:00:07,152.00,150,mm,运维-密贴不良
T01-SR-01-DISP,switchRailDisp1,09-26 16:00:07,152.00,150,mm,运维-密贴不良
T01-SR-01-DISP,switchRailDisp1,09-26 16:00:07,152.00,150,mm,运维-密贴不良
T01-SR-01-DISP,switchRailDisp1,09-26 16:00:07,152.00,150,mm,运维-密贴不良
T01-SR-01-DISP,switchRailDisp1,09-26 16:00:07,152.00,150,mm,运维-密贴不良
T01-SR-01-DISP,switchRailDisp1,09-26 16:00:07,152.00,150,mm,运维-密贴不良
T01-SR-01-DISP,switchRailDisp1,09-26 16:00:07,152.00,150,mm,运维-密贴不良
T01-SR-01-DISP,switchRailDisp1,09-26 16:00:08,152.00,150,mm,运维-密贴不良
T01-SR-01-DISP,switchRailDisp1,09-26 16:00:08,152.00,150,mm,运维-密贴不良
T01-SR-01-DISP,switchRailDisp1,09-26 16:00:08,152.00,150,mm,运维-密贴不良
T01-SR-01-DISP,switchRailDisp1,09-26 16:00:08,152.00,150,mm,运维-密贴不良
T01-SR-01-DISP,switchRailDisp1,09-26 16:00:08,152.00,150,mm,运维-密贴不良
T01-SR-01-DISP,switchRailDisp1,09-26 16:00:08,152.00,150,mm,运维-密贴不良
T01-SR-01-DISP,switchRailDisp1,09-26 16:00:08,152.00,150,mm,运维-密贴不良
T01-SR-01-DISP,switchRailDisp1,09-26 16:00:08,152.00,150,mm,运维-密贴不良
T01-SR-01-DISP,switchRailDisp1,09-26 16:00:08,152.00,150,mm,运维-密贴不良
T01-SR-01-DISP,switchRailDisp1,09-26 16:00:08,152.00,150,mm,运维-密贴不良
T01-SR-01-DISP,switchRailDisp1,09-26 16:00:09,152.00,150,mm,运维-密贴不良
T01-SR-01-DISP,switchRailDisp1,09-26 16:00:09,152.00,150,mm,运维-密贴不良
T01-SR-01-DISP,switchRailDisp1,09-26 16:00:09,152.00,150,mm,运维-密贴不良
T01-SR-01-DISP,switchRailDisp1,09-26 16:00:09,152.00,150,mm,运维-密贴不良
T01-SR-01-DISP,switchRailDisp1,09-26 16:00:09,152.00,150,mm,运维-密贴不良
T01-SR-01-DISP,switchRailDisp1,09-26 16:00:09,152.00,150,mm,运维-密贴不良
T01-SR-01-DISP,switchRailDisp1,09-26 16:00:09,152.00,150,mm,运维-密贴不良
T01-SR-01-DISP,switchRailDisp1,09-26 16:00:09,152.00,150,mm,运维-密贴不良
T01-SR-01-DISP,switchRailDisp1,09-26 16:00:09,152.00,150,mm,运维-密贴不良
T01-SR-01-DISP,switchRailDisp1,09-26 16:00:09,152.00,150,mm,运维-密贴不良
T01-SR-01-DISP,switchRailDisp1,09-26 17:00:05,150.28,150,mm,运维-正常转换
T01-SR-01-DISP,switchRailDisp1,09-26 17:00:05,152.23,150,mm,运维-正常转换
T01-SR-01-DISP,switchRailDisp1,09-26 17:00:05,153.97,150,mm,运维-正常转换
T01-SR-01-DISP,switchRailDisp1,09-26 17:00:05,155.52,150,mm,运维-正常转换
T01-SR-01-DISP,switchRailDisp1,09-26 17:00:05,156.85,150,mm,运维-正常转换
T01-SR-01-DISP,switchRailDisp1,09-26 17:00:05,157.96,150,mm,运维-正常转换
T01-SR-01-DISP,switchRailDisp1,09-26 17:00:05,158.84,150,mm,运维-正常转换
T01-SR-01-DISP,switchRailDisp1,09-26 17:00:05,159.48,150,mm,运维-正常转换
T01-SR-01-DISP,switchRailDisp1,09-26 17:00:05,159.87,150,mm,运维-正常转换
T01-SR-01-DISP,switchRailDisp1,09-26 17:00:06,160.00,150,mm,运维-正常转换
T01-SR-01-DISP,switchRailDisp1,09-26 17:00:06,160.00,150,mm,运维-正常转换
T01-SR-01-DISP,switchRailDisp1,09-26 17:00:06,160.00,150,mm,运维-正常转换
T01-SR-01-DISP,switchRailDisp1,09-26 17:00:06,160.00,150,mm,运维-正常转换
T01-SR-01-DISP,switchRailDisp1,09-26 17:00:06,160.00,150,mm,运维-正常转换
T01-SR-01-DISP,switchRailDisp1,09-26 17:00:06,160.00,150,mm,运维-正常转换
T01-SR-01-DISP,switchRailDisp1,09-26 17:00:06,160.00,150,mm,运维-正常转换
T01-SR-01-DISP,switchRailDisp1,09-26 17:00:06,160.00,150,mm,运维-正常转换
T01-SR-01-DISP,switchRailDisp1,09-26 17:00:06,160.00,150,mm,运维-正常转换
T01-SR-01-DISP,switchRailDisp1,09-26 17:00:06,160.00,150,mm,运维-正常转换
T01-SR-01-DISP,switchRailDisp1,09-26 17:00:07,160.00,150,mm,运维-正常转换
T01-SR-01-DISP,switchRailDisp1,09-26 17:00:07,160.00,150,mm,运维-正常转换
T01-SR-01-DISP,switchRailDisp1,09-26 17:00:07,160.00,150,mm,运维-正常转换
T01-SR-01-DISP,switchRailDisp1,09-26 17:00:07,160.00,150,mm,运维-正常转换
T01-SR-01-DISP,switchRailDisp1,09-26 17:00:07,160.00,150,mm,运维-正常转换
T01-SR-01-DISP,switchRailDisp1,09-26 17:00:07,160.00,150,mm,运维-正常转换
T01-SR-01-DISP,switchRailDisp1,09-26 17:00:07,160.00,150,mm,运维-正常转换
T01-SR-01-DISP,switchRailDisp1,09-26 17:00:07,160.00,150,mm,运维-正常转换
T01-SR-01-DISP,switchRailDisp1,09-26 17:00:07,160.00,150,mm,运维-正常转换
T01-SR-01-DISP,switchRailDisp1,09-26 17:00:07,160.00,150,mm,运维-正常转换
T01-SR-01-DISP,switchRailDisp1,09-26 17:00:08,160.00,150,mm,运维-正常转换
T01-SR-01-DISP,switchRailDisp1,09-26 17:00:08,160.00,150,mm,运维-正常转换
T01-SR-01-DISP,switchRailDisp1,09-26 17:00:08,160.00,150,mm,运维-正常转换
T01-SR-01-DISP,switchRailDisp1,09-26 17:00:08,160.00,150,mm,运维-正常转换
T01-SR-01-DISP,switchRailDisp1,09-26 17:00:08,160.00,150,mm,运维-正常转换
T01-SR-01-DISP,switchRailDisp1,09-26 17:00:08,160.00,150,mm,运维-正常转换
T01-SR-01-DISP,switchRailDisp1,09-26 17:00:08,160.00,150,mm,运维-正常转换
T01-SR-01-DISP,switchRailDisp1,09-26 17:00:08,160.00,150,mm,运维-正常转换
T01-SR-01-DISP,switchRailDisp1,09-26 17:00:08,160.00,150,mm,运维-正常转换
T01-SR-01-DISP,switchRailDisp1,09-26 17:00:08,160.00,150,mm,运维-正常转换
T01-SR-01-DISP,switchRailDisp1,09-26 17:00:09,160.00,150,mm,运维-正常转换
T01-SR-01-DISP,switchRailDisp1,09-26 17:00:09,160.00,150,mm,运维-正常转换
T01-SR-01-DISP,switchRailDisp1,09-26 17:00:09,160.00,150,mm,运维-正常转换
T01-SR-01-DISP,switchRailDisp1,09-26 17:00:09,160.00,150,mm,运维-正常转换
T01-SR-01-DISP,switchRailDisp1,09-26 17:00:09,160.00,150,mm,运维-正常转换
T01-SR-01-DISP,switchRailDisp1,09-26 17:00:09,160.00,150,mm,运维-正常转换
T01-SR-01-DISP,switchRailDisp1,09-26 17:00:09,160.00,150,mm,运维-正常转换
T01-SR-01-DISP,switchRailDisp1,09-26 17:00:09,160.00,150,mm,运维-正常转换
T01-SR-01-DISP,switchRailDisp1,09-26 17:00:09,160.00,150,mm,运维-正常转换
T01-SR-01-DISP,switchRailDisp1,09-26 17:00:09,160.00,150,mm,运维-正常转换
T01-SR-01-DISP,switchRailDisp1,09-26 18:00:05,150.28,150,mm,运维-正常转换
T01-SR-01-DISP,switchRailDisp1,09-26 18:00:05,152.23,150,mm,运维-正常转换
T01-SR-01-DISP,switchRailDisp1,09-26 18:00:05,153.97,150,mm,运维-正常转换
T01-SR-01-DISP,switchRailDisp1,09-26 18:00:05,155.52,150,mm,运维-正常转换
T01-SR-01-DISP,switchRailDisp1,09-26 18:00:05,156.85,150,mm,运维-正常转换
T01-SR-01-DISP,switchRailDisp1,09-26 18:00:05,157.96,150,mm,运维-正常转换
T01-SR-01-DISP,switchRailDisp1,09-26 18:00:05,158.84,150,mm,运维-正常转换
T01-SR-01-DISP,switchRailDisp1,09-26 18:00:05,159.48,150,mm,运维-正常转换
T01-SR-01-DISP,switchRailDisp1,09-26 18:00:05,159.87,150,mm,运维-正常转换
T01-SR-01-DISP,switchRailDisp1,09-26 18:00:06,160.00,150,mm,运维-正常转换
T01-SR-01-DISP,switchRailDisp1,09-26 18:00:06,160.00,150,mm,运维-正常转换
T01-SR-01-DISP,switchRailDisp1,09-26 18:00:06,160.00,150,mm,运维-正常转换
T01-SR-01-DISP,switchRailDisp1,09-26 18:00:06,160.00,150,mm,运维-正常转换
T01-SR-01-DISP,switchRailDisp1,09-26 18:00:06,160.00,150,mm,运维-正常转换
T01-SR-01-DISP,switchRailDisp1,09-26 18:00:06,160.00,150,mm,运维-正常转换
T01-SR-01-DISP,switchRailDisp1,09-26 18:00:06,160.00,150,mm,运维-正常转换
T01-SR-01-DISP,switchRailDisp1,09-26 18:00:06,160.00,150,mm,运维-正常转换
T01-SR-01-DISP,switchRailDisp1,09-26 18:00:06,160.00,150,mm,运维-正常转换
T01-SR-01-DISP,switchRailDisp1,09-26 18:00:06,160.00,150,mm,运维-正常转换
T01-SR-01-DISP,switchRailDisp1,09-26 18:00:07,160.00,150,mm,运维-正常转换
T01-SR-01-DISP,switchRailDisp1,09-26 18:00:07,160.00,150,mm,运维-正常转换
T01-SR-01-DISP,switchRailDisp1,09-26 18:00:07,160.00,150,mm,运维-正常转换
T01-SR-01-DISP,switchRailDisp1,09-26 18:00:07,160.00,150,mm,运维-正常转换
T01-SR-01-DISP,switchRailDisp1,09-26 18:00:07,160.00,150,mm,运维-正常转换
T01-SR-01-DISP,switchRailDisp1,09-26 18:00:07,160.00,150,mm,运维-正常转换
T01-SR-01-DISP,switchRailDisp1,09-26 18:00:07,160.00,150,mm,运维-正常转换
T01-SR-01-DISP,switchRailDisp1,09-26 18:00:07,160.00,150,mm,运维-正常转换
T01-SR-01-DISP,switchRailDisp1,09-26 18:00:07,160.00,150,mm,运维-正常转换
T01-SR-01-DISP,switchRailDisp1,09-26 18:00:07,160.00,150,mm,运维-正常转换
T01-SR-01-DISP,switchRailDisp1,09-26 18:00:08,160.00,150,mm,运维-正常转换
T01-SR-01-DISP,switchRailDisp1,09-26 18:00:08,160.00,150,mm,运维-正常转换
T01-SR-01-DISP,switchRailDisp1,09-26 18:00:08,160.00,150,mm,运维-正常转换
T01-SR-01-DISP,switchRailDisp1,09-26 18:00:08,160.00,150,mm,运维-正常转换
T01-SR-01-DISP,switchRailDisp1,09-26 18:00:08,160.00,150,mm,运维-正常转换
T01-SR-01-DISP,switchRailDisp1,09-26 18:00:08,160.00,150,mm,运维-正常转换
T01-SR-01-DISP,switchRailDisp1,09-26 18:00:08,160.00,150,mm,运维-正常转换
T01-SR-01-DISP,switchRailDisp1,09-26 18:00:08,160.00,150,mm,运维-正常转换
T01-SR-01-DISP,switchRailDisp1,09-26 18:00:08,160.00,150,mm,运维-正常转换
T01-SR-01-DISP,switchRailDisp1,09-26 18:00:08,160.00,150,mm,运维-正常转换
T01-SR-01-DISP,switchRailDisp1,09-26 18:00:09,160.00,150,mm,运维-正常转换
T01-SR-01-DISP,switchRailDisp1,09-26 18:00:09,160.00,150,mm,运维-正常转换
T01-SR-01-DISP,switchRailDisp1,09-26 18:00:09,160.00,150,mm,运维-正常转换
T01-SR-01-DISP,switchRailDisp1,09-26 18:00:09,160.00,150,mm,运维-正常转换
T01-SR-01-DISP,switchRailDisp1,09-26 18:00:09,160.00,150,mm,运维-正常转换
T01-SR-01-DISP,switchRailDisp1,09-26 18:00:09,160.00,150,mm,运维-正常转换
T01-SR-01-DISP,switchRailDisp1,09-26 18:00:09,160.00,150,mm,运维-正常转换
T01-SR-01-DISP,switchRailDisp1,09-26 18:00:09,160.00,150,mm,运维-正常转换
T01-SR-01-DISP,switchRailDisp1,09-26 18:00:09,160.00,150,mm,运维-正常转换
T01-SR-01-DISP,switchRailDisp1,09-26 18:00:09,160.00,150,mm,运维-正常转换
T01-SR-01-DISP,switchRailDisp1,09-26 19:00:05,150.28,150,mm,运维-锁闭失败
T01-SR-01-DISP,switchRailDisp1,09-26 19:00:05,152.23,150,mm,运维-锁闭失败
T01-SR-01-DISP,switchRailDisp1,09-26 19:00:05,153.97,150,mm,运维-锁闭失败
T01-SR-01-DISP,switchRailDisp1,09-26 19:00:05,155.52,150,mm,运维-锁闭失败
T01-SR-01-DISP,switchRailDisp1,09-26 19:00:05,156.85,150,mm,运维-锁闭失败
T01-SR-01-DISP,switchRailDisp1,09-26 19:00:05,157.96,150,mm,运维-锁闭失败
T01-SR-01-DISP,switchRailDisp1,09-26 19:00:05,158.84,150,mm,运维-锁闭失败
T01-SR-01-DISP,switchRailDisp1,09-26 19:00:05,159.48,150,mm,运维-锁闭失败
T01-SR-01-DISP,switchRailDisp1,09-26 19:00:05,159.87,150,mm,运维-锁闭失败
T01-SR-01-DISP,switchRailDisp1,09-26 19:00:06,160.00,150,mm,运维-锁闭失败
T01-SR-01-DISP,switchRailDisp1,09-26 19:00:06,160.00,150,mm,运维-锁闭失败
T01-SR-01-DISP,switchRailDisp1,09-26 19:00:06,160.00,150,mm,运维-锁闭失败
T01-SR-01-DISP,switchRailDisp1,09-26 19:00:06,160.00,150,mm,运维-锁闭失败
T01-SR-01-DISP,switchRailDisp1,09-26 19:00:06,160.00,150,mm,运维-锁闭失败
T01-SR-01-DISP,switchRailDisp1,09-26 19:00:06,160.00,150,mm,运维-锁闭失败
T01-SR-01-DISP,switchRailDisp1,09-26 19:00:06,160.00,150,mm,运维-锁闭失败
T01-SR-01-DISP,switchRailDisp1,09-26 19:00:06,160.00,150,mm,运维-锁闭失败
T01-SR-01-DISP,switchRailDisp1,09-26 19:00:06,160.00,150,mm,运维-锁闭失败
T01-SR-01-DISP,switchRailDisp1,09-26 19:00:06,160.00,150,mm,运维-锁闭失败
T01-SR-01-DISP,switchRailDisp1,09-26 19:00:07,160.00,150,mm,运维-锁闭失败
T01-SR-01-DISP,switchRailDisp1,09-26 19:00:07,160.00,150,mm,运维-锁闭失败
T01-SR-01-DISP,switchRailDisp1,09-26 19:00:07,160.00,150,mm,运维-锁闭失败
T01-SR-01-DISP,switchRailDisp1,09-26 19:00:07,160.00,150,mm,运维-锁闭失败
T01-SR-01-DISP,switchRailDisp1,09-26 19:00:07,160.00,150,mm,运维-锁闭失败
T01-SR-01-DISP,switchRailDisp1,09-26 19:00:07,160.00,150,mm,运维-锁闭失败
T01-SR-01-DISP,switchRailDisp1,09-26 19:00:07,160.00,150,mm,运维-锁闭失败
T01-SR-01-DISP,switchRailDisp1,09-26 19:00:07,160.00,150,mm,运维-锁闭失败
T01-SR-01-DISP,switchRailDisp1,09-26 19:00:07,160.00,150,mm,运维-锁闭失败
T01-SR-01-DISP,switchRailDisp1,09-26 19:00:07,160.00,150,mm,运维-锁闭失败
T01-SR-01-DISP,switchRailDisp1,09-26 19:00:08,160.00,150,mm,运维-锁闭失败
T01-SR-01-DISP,switchRailDisp1,09-26 19:00:08,160.00,150,mm,运维-锁闭失败
T01-SR-01-DISP,switchRailDisp1,09-26 19:00:08,160.00,150,mm,运维-锁闭失败
T01-SR-01-DISP,switchRailDisp1,09-26 19:00:08,160.00,150,mm,运维-锁闭失败
T01-SR-01-DISP,switchRailDisp1,09-26 19:00:08,160.00,150,mm,运维-锁闭失败
T01-SR-01-DISP,switchRailDisp1,09-26 19:00:08,160.00,150,mm,运维-锁闭失败
T01-SR-01-DISP,switchRailDisp1,09-26 19:00:08,160.00,150,mm,运维-锁闭失败
T01-SR-01-DISP,switchRailDisp1,09-26 19:00:08,160.00,150,mm,运维-锁闭失败
T01-SR-01-DISP,switchRailDisp1,09-26 19:00:08,160.00,150,mm,运维-锁闭失败
T01-SR-01-DISP,switchRailDisp1,09-26 19:00:08,160.00,150,mm,运维-锁闭失败
T01-SR-01-DISP,switchRailDisp1,09-26 19:00:09,160.00,150,mm,运维-锁闭失败
T01-SR-01-DISP,switchRailDisp1,09-26 19:00:09,160.00,150,mm,运维-锁闭失败
T01-SR-01-DISP,switchRailDisp1,09-26 19:00:09,160.00,150,mm,运维-锁闭失败
T01-SR-01-DISP,switchRailDisp1,09-26 19:00:09,160.00,150,mm,运维-锁闭失败
T01-SR-01-DISP,switchRailDisp1,09-26 19:00:09,160.00,150,mm,运维-锁闭失败
T01-SR-01-DISP,switchRailDisp1,09-26 19:00:09,160.00,150,mm,运维-锁闭失败
T01-SR-01-DISP,switchRailDisp1,09-26 19:00:09,160.00,150,mm,运维-锁闭失败
T01-SR-01-DISP,switchRailDisp1,09-26 19:00:09,160.00,150,mm,运维-锁闭失败
T01-SR-01-DISP,switchRailDisp1,09-26 19:00:09,160.00,150,mm,运维-锁闭失败
T01-SR-01-DISP,switchRailDisp1,09-26 19:00:09,160.00,150,mm,运维-锁闭失败
T01-SR-01-DISP,switchRailDisp1,09-26 20:00:05,150.28,150,mm,运维-正常转换
T01-SR-01-DISP,switchRailDisp1,09-26 20:00:05,152.23,150,mm,运维-正常转换
T01-SR-01-DISP,switchRailDisp1,09-26 20:00:05,153.97,150,mm,运维-正常转换
T01-SR-01-DISP,switchRailDisp1,09-26 20:00:05,155.52,150,mm,运维-正常转换
T01-SR-01-DISP,switchRailDisp1,09-26 20:00:05,156.85,150,mm,运维-正常转换
T01-SR-01-DISP,switchRailDisp1,09-26 20:00:05,157.96,150,mm,运维-正常转换
T01-SR-01-DISP,switchRailDisp1,09-26 20:00:05,158.84,150,mm,运维-正常转换
T01-SR-01-DISP,switchRailDisp1,09-26 20:00:05,159.48,150,mm,运维-正常转换
T01-SR-01-DISP,switchRailDisp1,09-26 20:00:05,159.87,150,mm,运维-正常转换
T01-SR-01-DISP,switchRailDisp1,09-26 20:00:06,160.00,150,mm,运维-正常转换
T01-SR-01-DISP,switchRailDisp1,09-26 20:00:06,160.00,150,mm,运维-正常转换
T01-SR-01-DISP,switchRailDisp1,09-26 20:00:06,160.00,150,mm,运维-正常转换
T01-SR-01-DISP,switchRailDisp1,09-26 20:00:06,160.00,150,mm,运维-正常转换
T01-SR-01-DISP,switchRailDisp1,09-26 20:00:06,160.00,150,mm,运维-正常转换
T01-SR-01-DISP,switchRailDisp1,09-26 20:00:06,160.00,150,mm,运维-正常转换
T01-SR-01-DISP,switchRailDisp1,09-26 20:00:06,160.00,150,mm,运维-正常转换
T01-SR-01-DISP,switchRailDisp1,09-26 20:00:06,160.00,150,mm,运维-正常转换
T01-SR-01-DISP,switchRailDisp1,09-26 20:00:06,160.00,150,mm,运维-正常转换
T01-SR-01-DISP,switchRailDisp1,09-26 20:00:06,160.00,150,mm,运维-正常转换
T01-SR-01-DISP,switchRailDisp1,09-26 20:00:07,160.00,150,mm,运维-正常转换
T01-SR-01-DISP,switchRailDisp1,09-26 20:00:07,160.00,150,mm,运维-正常转换
T01-SR-01-DISP,switchRailDisp1,09-26 20:00:07,160.00,150,mm,运维-正常转换
T01-SR-01-DISP,switchRailDisp1,09-26 20:00:07,160.00,150,mm,运维-正常转换
T01-SR-01-DISP,switchRailDisp1,09-26 20:00:07,160.00,150,mm,运维-正常转换
T01-SR-01-DISP,switchRailDisp1,09-26 20:00:07,160.00,150,mm,运维-正常转换
T01-SR-01-DISP,switchRailDisp1,09-26 20:00:07,160.00,150,mm,运维-正常转换
T01-SR-01-DISP,switchRailDisp1,09-26 20:00:07,160.00,150,mm,运维-正常转换
T01-SR-01-DISP,switchRailDisp1,09-26 20:00:07,160.00,150,mm,运维-正常转换
T01-SR-01-DISP,switchRailDisp1,09-26 20:00:07,160.00,150,mm,运维-正常转换
T01-SR-01-DISP,switchRailDisp1,09-26 20:00:08,160.00,150,mm,运维-正常转换
T01-SR-01-DISP,switchRailDisp1,09-26 20:00:08,160.00,150,mm,运维-正常转换
T01-SR-01-DISP,switchRailDisp1,09-26 20:00:08,160.00,150,mm,运维-正常转换
T01-SR-01-DISP,switchRailDisp1,09-26 20:00:08,160.00,150,mm,运维-正常转换
T01-SR-01-DISP,switchRailDisp1,09-26 20:00:08,160.00,150,mm,运维-正常转换
T01-SR-01-DISP,switchRailDisp1,09-26 20:00:08,160.00,150,mm,运维-正常转换
T01-SR-01-DISP,switchRailDisp1,09-26 20:00:08,160.00,150,mm,运维-正常转换
T01-SR-01-DISP,switchRailDisp1,09-26 20:00:08,160.00,150,mm,运维-正常转换
T01-SR-01-DISP,switchRailDisp1,09-26 20:00:08,160.00,150,mm,运维-正常转换
T01-SR-01-DISP,switchRailDisp1,09-26 20:00:08,160.00,150,mm,运维-正常转换
T01-SR-01-DISP,switchRailDisp1,09-26 20:00:09,160.00,150,mm,运维-正常转换
T01-SR-01-DISP,switchRailDisp1,09-26 20:00:09,160.00,150,mm,运维-正常转换
T01-SR-01-DISP,switchRailDisp1,09-26 20:00:09,160.00,150,mm,运维-正常转换
T01-SR-01-DISP,switchRailDisp1,09-26 20:00:09,160.00,150,mm,运维-正常转换
T01-SR-01-DISP,switchRailDisp1,09-26 20:00:09,160.00,150,mm,运维-正常转换
T01-SR-01-DISP,switchRailDisp1,09-26 20:00:09,160.00,150,mm,运维-正常转换
T01-SR-01-DISP,switchRailDisp1,09-26 20:00:09,160.00,150,mm,运维-正常转换
T01-SR-01-DISP,switchRailDisp1,09-26 20:00:09,160.00,150,mm,运维-正常转换
T01-SR-01-DISP,switchRailDisp1,09-26 20:00:09,160.00,150,mm,运维-正常转换
T01-SR-01-DISP,switchRailDisp1,09-26 20:00:09,160.00,150,mm,运维-正常转换
